,HUMEDAD DE LA TIERRA,HUMEDAD RELATIVA,INTENSIDAD LUM√çNICA,TEMPERATURA
2018-05-09 10:25:00,62.61,18.0,5853.0,29.0
2018-05-09 10:26:00,62.61,18.0,5853.0,29.0
2018-05-09 10:27:00,62.45,18.0,5853.0,29.0
2018-05-09 10:28:00,62.45,18.0,5853.0,30.0
2018-05-09 10:29:00,62.45,18.0,5859.0,30.0
2018-05-09 10:30:00,62.29,18.0,5870.0,30.0
2018-05-09 10:31:00,62.13,18.0,5865.0,30.0
2018-05-09 10:32:00,62.29,18.0,5859.0,30.0
2018-05-09 10:33:00,62.29,18.0,5870.0,30.0
2018-05-09 10:34:00,62.29,18.0,5870.0,30.0
2018-05-09 10:35:00,62.13,18.0,5870.0,30.0
2018-05-09 10:36:00,62.13,18.0,5870.0,30.0
2018-05-09 10:37:00,62.13,18.0,5870.0,30.0
2018-05-09 10:38:00,62.13,18.0,5870.0,30.0
2018-05-09 10:39:00,62.13,17.0,5870.0,31.0
2018-05-09 10:40:00,61.97,17.0,5870.0,31.0
2018-05-09 10:41:00,61.97,17.0,5870.0,31.0
2018-05-09 10:42:00,61.97,17.0,5870.0,31.0
2018-05-09 10:43:00,61.97,17.0,5865.0,31.0
2018-05-09 10:44:00,61.81,17.0,5870.0,31.0
2018-05-09 10:45:00,61.97,17.0,5870.0,31.0
2018-05-09 10:46:00,62.13,17.0,5870.0,31.0
2018-05-09 10:47:00,61.97,17.0,5865.0,31.0
2018-05-09 10:48:00,61.97,17.0,5865.0,31.0
2018-05-09 10:49:00,61.97,17.0,5865.0,31.0
2018-05-09 10:50:00,61.81,17.0,5876.0,32.0
2018-05-09 10:51:00,62.13,17.0,5870.0,32.0
2018-05-09 10:52:00,62.13,17.0,5870.0,32.0
2018-05-09 10:53:00,61.97,17.0,5876.0,32.0
2018-05-09 10:54:00,61.97,17.0,5876.0,32.0
2018-05-09 10:55:00,61.97,17.0,5876.0,32.0
2018-05-09 10:56:00,61.97,17.0,5865.0,32.0
2018-05-09 10:57:00,61.81,17.0,5865.0,32.0
2018-05-09 10:58:00,61.81,17.0,5865.0,32.0
2018-05-09 10:59:00,61.97,17.0,5865.0,32.0
2018-05-09 11:00:00,61.97,17.0,5859.0,32.0
2018-05-09 11:01:00,61.81,17.0,5865.0,32.0
2018-05-09 11:02:00,61.81,17.0,5865.0,32.0
2018-05-09 11:03:00,61.81,17.0,5870.0,32.0
2018-05-09 11:04:00,61.81,17.0,5865.0,32.0
2018-05-09 11:05:00,61.81,17.0,5865.0,32.0
2018-05-09 11:06:00,61.65,17.0,5865.0,32.0
2018-05-09 11:07:00,61.81,17.0,5865.0,32.0
2018-05-09 11:08:00,61.97,17.0,5865.0,32.0
2018-05-09 11:09:00,61.97,17.0,5865.0,32.0
2018-05-09 11:10:00,61.81,17.0,5865.0,32.0
2018-05-09 11:11:00,61.81,17.0,5870.0,32.0
2018-05-09 11:12:00,61.97,17.0,5870.0,32.0
2018-05-09 11:13:00,61.97,17.0,5865.0,32.0
2018-05-09 11:14:00,61.97,17.0,5859.0,32.0
2018-05-09 11:15:00,61.81,17.0,5859.0,32.0
2018-05-09 11:16:00,61.65,17.0,5859.0,32.0
2018-05-09 11:17:00,61.65,17.0,5859.0,32.0
2018-05-09 11:18:00,61.97,17.0,5859.0,31.0
2018-05-09 11:19:00,61.97,17.0,5859.0,31.0
2018-05-09 11:20:00,61.97,17.0,5859.0,31.0
2018-05-09 11:21:00,61.65,17.0,5859.0,31.0
2018-05-09 11:22:00,61.65,17.0,5859.0,31.0
2018-05-09 11:23:00,61.81,17.0,5859.0,31.0
2018-05-09 11:24:00,61.65,17.0,5859.0,31.0
2018-05-09 11:25:00,61.65,17.0,5859.0,31.0
2018-05-09 11:26:00,61.65,17.0,5859.0,31.0
2018-05-09 11:27:00,61.81,17.0,5865.0,31.0
2018-05-09 11:28:00,61.65,17.0,5865.0,31.0
2018-05-09 11:29:00,61.81,17.0,5865.0,31.0
2018-05-09 11:30:00,61.97,17.0,5865.0,31.0
2018-05-09 11:31:00,61.65,17.0,5865.0,31.0
2018-05-09 11:32:00,61.65,17.0,5865.0,31.0
2018-05-09 11:33:00,61.81,17.0,5865.0,31.0
2018-05-09 11:34:00,61.81,17.0,5865.0,31.0
2018-05-09 11:35:00,61.81,17.0,5865.0,31.0
2018-05-09 11:36:00,61.97,17.0,5865.0,31.0
2018-05-09 11:37:00,61.97,17.0,5865.0,31.0
2018-05-09 11:38:00,61.81,17.0,5865.0,31.0
2018-05-09 11:39:00,61.81,17.0,5870.0,31.0
2018-05-09 11:40:00,61.65,18.0,5870.0,30.0
2018-05-09 11:41:00,61.65,18.0,5870.0,30.0
2018-05-09 11:42:00,61.65,18.0,5870.0,30.0
2018-05-09 11:43:00,61.65,18.0,5870.0,30.0
2018-05-09 11:44:00,61.65,18.0,5870.0,30.0
2018-05-09 11:45:00,61.65,18.0,5870.0,30.0
2018-05-09 11:46:00,61.65,18.0,5870.0,30.0
2018-05-09 11:47:00,61.65,18.0,5870.0,30.0
2018-05-09 11:48:00,61.81,18.0,5876.0,30.0
2018-05-09 11:49:00,61.81,18.0,5882.0,30.0
2018-05-09 11:50:00,61.81,18.0,5882.0,30.0
2018-05-09 11:51:00,61.65,18.0,5882.0,30.0
2018-05-09 11:52:00,61.65,18.0,5882.0,30.0
2018-05-09 11:53:00,61.65,18.0,5876.0,30.0
2018-05-09 11:54:00,61.65,18.0,5876.0,30.0
2018-05-09 11:55:00,61.65,18.0,5870.0,30.0
2018-05-09 11:56:00,61.65,18.0,5870.0,30.0
2018-05-09 11:57:00,61.65,18.0,5876.0,30.0
2018-05-09 11:58:00,61.65,18.0,5882.0,30.0
2018-05-09 11:59:00,61.65,18.0,5882.0,30.0
2018-05-09 12:00:00,61.49,18.0,5882.0,30.0
2018-05-09 12:01:00,61.49,18.0,5888.0,30.0
2018-05-09 12:02:00,61.49,17.0,5882.0,31.0
2018-05-09 12:03:00,61.49,17.0,5888.0,31.0
2018-05-09 12:04:00,61.49,17.0,5876.0,31.0
2018-05-09 12:05:00,61.65,18.0,5876.0,30.0
2018-05-09 12:06:00,61.65,18.0,5876.0,30.0
2018-05-09 12:07:00,61.81,18.0,5876.0,30.0
2018-05-09 12:08:00,61.49,18.0,5882.0,30.0
2018-05-09 12:09:00,61.81,18.0,5882.0,30.0
2018-05-09 12:10:00,61.81,18.0,5882.0,30.0
2018-05-09 12:11:00,61.81,18.0,5888.0,30.0
2018-05-09 12:12:00,61.81,18.0,5888.0,30.0
2018-05-09 12:13:00,61.65,17.0,5894.0,31.0
2018-05-09 12:14:00,61.65,17.0,5900.0,32.0
2018-05-09 12:15:00,61.81,16.0,5900.0,33.0
2018-05-09 12:16:00,61.65,16.0,5882.0,34.0
2018-05-09 12:17:00,61.81,16.0,5888.0,33.0
2018-05-09 12:18:00,61.81,17.0,5888.0,32.0
2018-05-09 12:19:00,61.81,16.0,5894.0,33.0
2018-05-09 12:20:00,61.65,17.0,5894.0,32.0
2018-05-09 12:21:00,61.49,17.0,5882.0,32.0
2018-05-09 12:22:00,61.65,17.0,5882.0,32.0
2018-05-09 12:23:00,61.65,17.0,5900.0,31.0
2018-05-09 12:24:00,61.49,17.0,5912.0,31.0
2018-05-09 12:25:00,61.49,17.0,5900.0,32.0
2018-05-09 12:26:00,61.49,17.0,5929.0,32.0
2018-05-09 12:27:00,61.49,17.0,5935.0,32.0
2018-05-09 12:28:00,61.65,16.0,5923.0,33.0
2018-05-09 12:29:00,61.65,16.0,5906.0,33.0
2018-05-09 12:30:00,61.65,16.0,5912.0,33.0
2018-05-09 12:31:00,61.65,17.0,5917.0,32.0
2018-05-09 12:32:00,61.49,17.0,5917.0,32.0
2018-05-09 12:33:00,61.49,17.0,5935.0,32.0
2018-05-09 12:34:00,61.49,17.0,5923.0,32.0
2018-05-09 12:35:00,61.49,17.0,5923.0,32.0
2018-05-09 12:36:00,61.49,17.0,5900.0,32.0
2018-05-09 12:37:00,61.49,17.0,5900.0,32.0
2018-05-09 12:38:00,61.49,17.0,5900.0,32.0
2018-05-09 12:39:00,61.49,17.0,5894.0,32.0
2018-05-09 12:40:00,61.49,17.0,5876.0,32.0
2018-05-09 12:41:00,61.49,17.0,5888.0,32.0
2018-05-09 12:42:00,61.49,17.0,5882.0,31.0
2018-05-09 12:43:00,61.49,17.0,5894.0,32.0
2018-05-09 12:44:00,61.49,17.0,5882.0,31.0
2018-05-09 12:45:00,61.65,17.0,5894.0,31.0
2018-05-09 12:46:00,61.65,17.0,5888.0,31.0
2018-05-09 12:47:00,61.49,17.0,5894.0,32.0
2018-05-09 12:48:00,61.65,17.0,5894.0,32.0
2018-05-09 12:49:00,61.65,17.0,5894.0,32.0
2018-05-09 12:50:00,61.65,17.0,5894.0,32.0
2018-05-09 12:51:00,61.65,17.0,5894.0,32.0
2018-05-09 12:52:00,61.65,17.0,5900.0,32.0
2018-05-09 12:53:00,61.65,17.0,5894.0,32.0
2018-05-09 12:54:00,61.81,17.0,5876.0,32.0
2018-05-09 12:55:00,61.81,17.0,5876.0,32.0
2018-05-09 12:56:00,61.65,17.0,5900.0,32.0
2018-05-09 12:57:00,61.65,17.0,5900.0,32.0
2018-05-09 12:58:00,61.65,17.0,5900.0,32.0
2018-05-09 12:59:00,61.65,16.0,5870.0,33.0
2018-05-09 13:00:00,61.81,16.0,5870.0,33.0
2018-05-09 13:01:00,61.81,17.0,5876.0,32.0
2018-05-09 13:02:00,61.81,17.0,5876.0,32.0
2018-05-09 13:03:00,61.81,17.0,5865.0,32.0
2018-05-09 13:04:00,61.81,17.0,5865.0,31.0
2018-05-09 13:05:00,61.81,18.0,5865.0,30.0
2018-05-09 13:06:00,61.81,18.0,5870.0,30.0
2018-05-09 13:07:00,61.65,17.0,5876.0,31.0
2018-05-09 13:08:00,61.65,17.0,5900.0,32.0
2018-05-09 13:09:00,61.65,16.0,5900.0,33.0
2018-05-09 13:10:00,61.65,16.0,5900.0,34.0
2018-05-09 13:11:00,61.65,16.0,5876.0,34.0
2018-05-09 13:12:00,61.65,16.0,5876.0,34.0
2018-05-09 13:13:00,61.49,16.0,5859.0,33.0
2018-05-09 13:14:00,61.65,17.0,5853.0,32.0
2018-05-09 13:15:00,61.65,18.0,5859.0,30.0
2018-05-09 13:16:00,61.49,18.0,5882.0,30.0
2018-05-09 13:17:00,61.49,18.0,5859.0,30.0
2018-05-09 13:18:00,61.49,18.0,5859.0,30.0
2018-05-09 13:19:00,61.49,18.0,5870.0,30.0
2018-05-09 13:20:00,61.49,18.0,5900.0,30.0
2018-05-09 13:21:00,61.33,17.0,5906.0,32.0
2018-05-09 13:22:00,61.33,17.0,5906.0,32.0
2018-05-09 13:23:00,61.33,17.0,5888.0,32.0
2018-05-09 13:24:00,61.33,17.0,5900.0,32.0
2018-05-09 13:25:00,61.33,16.0,5894.0,33.0
2018-05-09 13:26:00,61.33,16.0,5870.0,33.0
2018-05-09 13:27:00,61.33,17.0,5865.0,32.0
2018-05-09 13:28:00,61.49,17.0,5853.0,31.0
2018-05-09 13:29:00,63.09,17.0,5847.0,31.0
2018-05-09 13:30:00,61.65,18.0,5847.0,30.0
2018-05-09 13:31:00,61.49,18.0,5847.0,30.0
2018-05-09 13:32:00,61.49,18.0,5847.0,30.0
2018-05-09 13:33:00,61.33,18.0,5847.0,30.0
2018-05-09 13:34:00,61.33,18.0,5847.0,30.0
2018-05-09 13:35:00,61.33,18.0,5847.0,29.0
2018-05-09 13:36:00,61.49,18.0,5847.0,29.0
2018-05-09 13:37:00,61.33,18.0,5847.0,29.0
2018-05-09 13:38:00,61.33,18.0,5841.0,29.0
2018-05-09 13:39:00,61.33,18.0,5841.0,29.0
2018-05-09 13:40:00,61.33,18.0,5841.0,29.0
2018-05-09 13:41:00,61.33,18.0,5841.0,29.0
2018-05-09 13:42:00,61.16,18.0,5841.0,29.0
2018-05-09 13:43:00,61.33,18.0,5835.0,29.0
2018-05-09 13:44:00,61.16,18.0,5835.0,29.0
2018-05-09 13:45:00,61.16,18.0,5835.0,29.0
2018-05-09 13:46:00,61.16,18.0,5835.0,29.0
2018-05-09 13:47:00,61.16,18.0,5835.0,29.0
2018-05-09 13:48:00,61.16,18.0,5835.0,29.0
2018-05-09 13:49:00,61.16,18.0,5829.0,29.0
2018-05-09 13:50:00,61.0,18.0,5829.0,29.0
2018-05-09 13:51:00,61.0,18.0,5829.0,29.0
2018-05-09 13:52:00,61.0,19.0,5829.0,28.0
2018-05-09 13:53:00,61.0,19.0,5829.0,28.0
2018-05-09 13:54:00,61.0,19.0,5829.0,28.0
2018-05-09 13:55:00,61.16,19.0,5835.0,28.0
2018-05-09 13:56:00,61.0,19.0,5835.0,28.0
2018-05-09 13:57:00,61.0,19.0,5841.0,28.0
2018-05-09 13:58:00,61.0,19.0,5841.0,28.0
2018-05-09 13:59:00,60.84,19.0,5841.0,28.0
2018-05-09 14:00:00,61.0,19.0,5847.0,28.0
2018-05-09 14:01:00,60.84,19.0,5847.0,28.0
2018-05-09 14:02:00,60.84,19.0,5847.0,28.0
2018-05-09 14:03:00,60.04,19.0,5847.0,28.0
2018-05-09 14:04:00,59.88,18.0,5835.0,29.0
2018-05-09 14:05:00,59.72,19.0,5829.0,28.0
2018-05-09 14:06:00,61.0,19.0,5829.0,28.0
2018-05-09 14:07:00,61.0,19.0,5829.0,28.0
2018-05-09 14:08:00,60.84,19.0,5824.0,28.0
2018-05-09 14:09:00,61.0,19.0,5824.0,28.0
2018-05-09 14:10:00,60.84,19.0,5829.0,28.0
2018-05-09 14:11:00,61.0,19.0,5829.0,28.0
2018-05-09 14:12:00,60.84,19.0,5829.0,28.0
2018-05-09 14:13:00,61.0,19.0,5829.0,28.0
2018-05-09 14:14:00,60.84,19.0,5829.0,28.0
2018-05-09 14:15:00,61.0,19.0,5824.0,28.0
2018-05-09 14:16:00,60.84,19.0,5824.0,28.0
2018-05-09 14:17:00,60.84,19.0,5818.0,28.0
2018-05-09 14:18:00,60.84,19.0,5818.0,28.0
2018-05-09 14:19:00,61.16,19.0,5818.0,28.0
2018-05-09 14:20:00,61.16,19.0,5818.0,28.0
2018-05-09 14:21:00,61.0,19.0,5818.0,28.0
2018-05-09 14:22:00,61.0,19.0,5818.0,28.0
2018-05-09 14:23:00,61.0,19.0,5818.0,28.0
2018-05-09 14:24:00,61.0,19.0,5824.0,28.0
2018-05-09 14:25:00,61.0,19.0,5824.0,28.0
2018-05-09 14:26:00,61.0,19.0,5824.0,28.0
2018-05-09 14:27:00,61.16,19.0,5818.0,28.0
2018-05-09 14:28:00,61.0,19.0,5818.0,28.0
2018-05-09 14:29:00,61.0,19.0,5818.0,28.0
2018-05-09 14:30:00,61.0,19.0,5818.0,28.0
2018-05-09 14:31:00,61.0,19.0,5818.0,28.0
2018-05-09 14:32:00,61.16,19.0,5812.0,28.0
2018-05-09 14:33:00,61.0,19.0,5812.0,28.0
2018-05-09 14:34:00,61.0,19.0,5812.0,28.0
2018-05-09 14:35:00,61.0,19.0,5812.0,28.0
2018-05-09 14:36:00,61.0,19.0,5812.0,28.0
2018-05-09 14:37:00,61.16,19.0,5812.0,28.0
2018-05-09 14:38:00,61.16,19.0,5812.0,28.0
2018-05-09 14:39:00,61.16,19.0,5818.0,27.0
2018-05-09 14:40:00,61.16,19.0,5818.0,27.0
2018-05-09 14:41:00,61.16,19.0,5818.0,27.0
2018-05-09 14:42:00,61.16,19.0,5818.0,27.0
2018-05-09 14:43:00,61.16,19.0,5824.0,27.0
2018-05-09 14:44:00,61.16,19.0,5824.0,27.0
2018-05-09 14:45:00,61.16,19.0,5824.0,27.0
2018-05-09 14:46:00,61.16,19.0,5829.0,27.0
2018-05-09 14:47:00,61.16,19.0,5829.0,27.0
2018-05-09 14:48:00,61.16,19.0,5829.0,27.0
2018-05-09 14:49:00,62.45,19.0,5829.0,27.0
2018-05-09 14:50:00,61.81,20.0,5818.0,27.0
2018-05-09 14:51:00,61.81,23.0,5818.0,27.0
2018-05-09 14:52:00,63.25,27.0,5806.0,26.0
2018-05-09 14:53:00,62.45,36.0,5800.0,26.0
2018-05-09 14:54:00,61.97,40.0,5794.0,26.0
2018-05-09 14:55:00,61.97,44.0,5788.0,26.0
2018-05-09 14:56:00,61.97,44.0,5782.0,26.0
2018-05-09 14:57:00,62.29,45.0,5782.0,26.0
2018-05-09 14:58:00,63.09,44.0,5782.0,26.0
2018-05-09 14:59:00,63.25,44.0,5788.0,26.0
2018-05-09 15:00:00,63.09,43.0,5794.0,26.0
2018-05-09 15:01:00,63.25,44.0,5800.0,26.0
2018-05-09 15:02:00,63.41,44.0,5800.0,26.0
2018-05-09 15:03:00,63.57,44.0,5812.0,26.0
2018-05-09 15:04:00,63.57,44.0,5818.0,26.0
2018-05-09 15:05:00,63.73,45.0,5818.0,26.0
2018-05-09 15:06:00,63.89,45.0,5824.0,26.0
2018-05-09 15:07:00,63.89,46.0,5824.0,26.0
2018-05-09 15:08:00,64.05,46.0,5829.0,26.0
2018-05-09 15:09:00,64.21,47.0,5829.0,26.0
2018-05-09 15:10:00,64.05,48.0,5818.0,26.0
2018-05-09 15:11:00,63.89,48.0,5818.0,26.0
2018-05-09 15:12:00,63.89,48.0,5818.0,26.0
2018-05-09 15:13:00,63.73,49.0,5818.0,26.0
2018-05-09 15:14:00,63.89,48.0,5812.0,26.0
2018-05-09 15:15:00,64.05,49.0,5818.0,26.0
2018-05-09 15:16:00,63.57,48.0,5824.0,26.0
2018-05-09 15:17:00,63.73,48.0,5829.0,26.0
2018-05-09 15:18:00,63.89,48.0,5829.0,26.0
2018-05-09 15:19:00,63.89,48.0,5829.0,26.0
2018-05-09 15:20:00,64.37,48.0,5829.0,26.0
2018-05-09 15:21:00,64.54,48.0,5829.0,26.0
2018-05-09 15:22:00,64.54,48.0,5835.0,26.0
2018-05-09 15:23:00,64.7,47.0,5841.0,26.0
2018-05-09 15:24:00,64.54,47.0,5841.0,26.0
2018-05-09 15:25:00,65.02,47.0,5847.0,26.0
2018-05-09 15:26:00,64.7,47.0,5853.0,26.0
2018-05-09 15:27:00,64.7,47.0,5853.0,26.0
2018-05-09 15:28:00,64.7,46.0,5853.0,27.0
2018-05-09 15:29:00,64.54,46.0,5853.0,27.0
2018-05-09 15:30:00,64.54,46.0,5865.0,27.0
2018-05-09 15:31:00,64.54,46.0,5870.0,27.0
2018-05-09 15:32:00,64.7,44.0,5865.0,27.0
2018-05-09 15:33:00,64.54,44.0,5865.0,27.0
2018-05-09 15:34:00,64.54,44.0,5865.0,27.0
2018-05-09 15:35:00,64.54,44.0,5859.0,28.0
2018-05-09 15:36:00,64.7,44.0,5847.0,28.0
2018-05-09 15:37:00,64.37,44.0,5841.0,28.0
2018-05-09 15:38:00,64.54,42.0,5841.0,27.0
2018-05-09 15:39:00,64.37,42.0,5835.0,27.0
2018-05-09 15:40:00,64.37,43.0,5829.0,27.0
2018-05-09 15:41:00,64.37,43.0,5835.0,27.0
2018-05-09 15:42:00,64.37,44.0,5829.0,27.0
2018-05-09 15:43:00,64.37,44.0,5829.0,27.0
2018-05-09 15:44:00,64.37,44.0,5829.0,27.0
2018-05-09 15:45:00,64.37,44.0,5829.0,27.0
2018-05-09 15:46:00,64.37,44.0,5829.0,27.0
2018-05-09 15:47:00,64.37,44.0,5829.0,27.0
2018-05-09 15:48:00,64.54,43.0,5818.0,27.0
2018-05-09 15:49:00,64.37,42.0,5759.0,27.0
2018-05-09 15:50:00,64.37,43.0,5818.0,27.0
2018-05-09 15:51:00,64.37,43.0,5812.0,27.0
2018-05-09 15:52:00,64.37,44.0,5812.0,26.0
2018-05-09 15:53:00,64.37,44.0,5812.0,27.0
2018-05-09 15:54:00,64.37,44.0,5818.0,27.0
2018-05-09 15:55:00,64.37,44.0,5818.0,26.0
2018-05-09 15:56:00,64.54,44.0,5818.0,26.0
2018-05-09 15:57:00,64.54,44.0,5818.0,26.0
2018-05-09 15:58:00,64.37,44.0,5812.0,26.0
2018-05-09 15:59:00,64.37,44.0,5812.0,26.0
2018-05-09 16:00:00,64.37,44.0,5800.0,26.0
2018-05-09 16:01:00,64.7,43.0,5800.0,26.0
2018-05-09 16:02:00,64.54,43.0,5800.0,26.0
2018-05-09 16:03:00,64.37,43.0,5794.0,26.0
2018-05-09 16:04:00,64.37,44.0,5794.0,26.0
2018-05-09 16:05:00,64.37,43.0,5788.0,26.0
2018-05-09 16:06:00,64.54,44.0,5788.0,26.0
2018-05-09 16:07:00,64.37,43.0,5788.0,26.0
2018-05-09 16:08:00,64.37,44.0,5782.0,26.0
2018-05-09 16:09:00,64.54,44.0,5782.0,26.0
2018-05-09 16:10:00,64.54,44.0,5782.0,26.0
2018-05-09 16:11:00,64.54,44.0,5782.0,26.0
2018-05-09 16:12:00,64.37,44.0,5777.0,26.0
2018-05-09 16:13:00,64.37,44.0,5777.0,26.0
2018-05-09 16:14:00,64.37,44.0,5777.0,26.0
2018-05-09 16:15:00,64.54,45.0,5777.0,26.0
2018-05-09 16:16:00,64.21,45.0,5730.0,26.0
2018-05-09 16:17:00,64.37,45.0,5771.0,26.0
2018-05-09 16:18:00,64.37,45.0,5771.0,26.0
2018-05-09 16:19:00,64.21,45.0,5765.0,26.0
2018-05-09 16:20:00,64.37,45.0,5765.0,26.0
2018-05-09 16:21:00,64.37,46.0,5759.0,26.0
2018-05-09 16:22:00,64.37,46.0,5759.0,26.0
2018-05-09 16:23:00,64.37,45.0,5753.0,26.0
2018-05-09 16:24:00,64.37,45.0,5753.0,26.0
2018-05-09 16:25:00,64.37,45.0,5524.0,26.0
2018-05-09 16:26:00,64.37,45.0,5436.0,26.0
2018-05-09 16:27:00,64.21,45.0,5519.0,26.0
2018-05-09 16:28:00,64.21,46.0,5730.0,26.0
2018-05-09 16:29:00,64.21,46.0,5730.0,26.0
2018-05-09 16:30:00,64.21,46.0,5724.0,25.0
2018-05-09 16:31:00,64.21,46.0,5724.0,25.0
2018-05-09 16:32:00,64.21,46.0,5724.0,26.0
2018-05-09 16:33:00,64.21,46.0,5718.0,25.0
2018-05-09 16:34:00,64.21,46.0,5718.0,25.0
2018-05-09 16:35:00,64.21,46.0,5712.0,25.0
2018-05-09 16:36:00,64.21,47.0,5706.0,25.0
2018-05-09 16:37:00,64.21,47.0,5683.0,25.0
2018-05-09 16:38:00,64.21,47.0,5266.0,25.0
2018-05-09 16:39:00,64.21,47.0,5319.0,25.0
2018-05-09 16:40:00,64.21,47.0,5126.0,25.0
2018-05-09 16:41:00,64.21,47.0,5249.0,25.0
2018-05-09 16:42:00,64.21,47.0,5173.0,25.0
2018-05-09 16:43:00,64.21,47.0,5307.0,25.0
2018-05-09 16:44:00,64.21,47.0,5161.0,25.0
2018-05-09 16:45:00,64.21,47.0,5102.0,25.0
2018-05-09 16:46:00,64.21,47.0,5008.0,25.0
2018-05-09 16:47:00,64.37,48.0,4914.0,25.0
2018-05-09 16:48:00,64.21,48.0,4733.0,25.0
2018-05-09 16:49:00,64.21,48.0,4756.0,25.0
2018-05-09 16:50:00,64.21,48.0,4609.0,25.0
2018-05-09 16:51:00,64.54,48.0,4521.0,25.0
2018-05-09 16:52:00,64.37,48.0,4439.0,25.0
2018-05-09 16:53:00,64.21,48.0,5348.0,25.0
2018-05-09 16:54:00,64.05,48.0,5700.0,25.0
2018-05-09 16:55:00,64.05,48.0,5695.0,25.0
2018-05-09 16:56:00,64.21,48.0,5695.0,25.0
2018-05-09 16:57:00,64.21,48.0,5700.0,25.0
2018-05-09 16:58:00,64.21,48.0,5700.0,25.0
2018-05-09 16:59:00,64.05,47.0,5700.0,25.0
2018-05-09 17:00:00,64.21,47.0,5695.0,25.0
2018-05-09 17:01:00,64.21,47.0,5689.0,25.0
2018-05-09 17:02:00,64.05,46.0,5677.0,25.0
2018-05-09 17:03:00,64.05,46.0,5677.0,25.0
2018-05-09 17:04:00,64.21,46.0,5671.0,25.0
2018-05-09 17:05:00,64.21,46.0,5671.0,25.0
2018-05-09 17:06:00,64.05,46.0,5671.0,25.0
2018-05-09 17:07:00,64.05,46.0,5671.0,25.0
2018-05-09 17:08:00,64.05,46.0,5665.0,25.0
2018-05-09 17:09:00,64.05,46.0,5653.0,25.0
2018-05-09 17:10:00,64.05,45.0,5642.0,25.0
2018-05-09 17:11:00,64.21,45.0,5636.0,25.0
2018-05-09 17:12:00,64.05,45.0,5636.0,25.0
2018-05-09 17:13:00,64.05,45.0,5636.0,25.0
2018-05-09 17:14:00,64.05,45.0,5648.0,25.0
2018-05-09 17:15:00,64.05,45.0,5648.0,25.0
2018-05-09 17:16:00,64.05,45.0,5642.0,25.0
2018-05-09 17:17:00,64.05,45.0,5624.0,25.0
2018-05-09 17:18:00,64.21,44.0,5583.0,25.0
2018-05-09 17:19:00,64.05,44.0,5524.0,25.0
2018-05-09 17:20:00,64.05,44.0,5278.0,25.0
2018-05-09 17:21:00,64.21,44.0,4938.0,25.0
2018-05-09 17:22:00,64.05,43.0,4568.0,25.0
2018-05-09 17:23:00,64.21,43.0,4275.0,25.0
2018-05-09 17:24:00,64.05,43.0,4017.0,25.0
2018-05-09 17:25:00,64.05,44.0,3788.0,25.0
2018-05-09 17:26:00,64.05,44.0,3495.0,25.0
2018-05-09 17:27:00,64.05,44.0,3296.0,25.0
2018-05-09 17:28:00,64.05,44.0,3219.0,25.0
2018-05-09 17:29:00,64.54,44.0,3214.0,25.0
2018-05-09 17:30:00,64.05,44.0,3231.0,25.0
2018-05-09 17:31:00,63.89,45.0,3249.0,24.0
2018-05-09 17:32:00,64.05,45.0,3249.0,24.0
2018-05-09 17:33:00,64.05,45.0,3184.0,24.0
2018-05-09 17:34:00,64.05,46.0,3020.0,24.0
2018-05-09 17:35:00,63.89,45.0,2891.0,25.0
2018-05-09 17:36:00,64.05,46.0,2791.0,24.0
2018-05-09 17:37:00,64.05,46.0,2621.0,24.0
2018-05-09 17:38:00,64.21,46.0,2445.0,24.0
2018-05-09 17:39:00,64.21,46.0,2246.0,24.0
2018-05-09 17:40:00,64.21,46.0,2070.0,24.0
2018-05-09 17:41:00,64.05,46.0,1841.0,24.0
2018-05-09 17:42:00,64.05,45.0,1612.0,24.0
2018-05-09 17:43:00,64.05,45.0,1454.0,24.0
2018-05-09 17:44:00,64.21,45.0,1313.0,24.0
2018-05-09 17:45:00,64.21,45.0,1313.0,24.0
2018-05-09 17:46:00,64.05,45.0,1178.0,24.0
2018-05-09 17:47:00,64.21,45.0,1196.0,24.0
2018-05-09 17:48:00,64.05,45.0,1079.0,24.0
2018-05-09 17:49:00,64.21,45.0,1020.0,24.0
2018-05-09 17:50:00,63.89,45.0,1313.0,24.0
2018-05-09 17:51:00,63.73,45.0,3513.0,24.0
2018-05-09 17:52:00,63.73,45.0,3777.0,24.0
2018-05-09 17:53:00,63.73,45.0,4093.0,24.0
2018-05-09 17:54:00,63.73,45.0,4463.0,24.0
2018-05-09 17:55:00,63.73,45.0,4369.0,24.0
2018-05-09 17:56:00,63.73,45.0,4334.0,24.0
2018-05-09 17:57:00,63.73,46.0,4469.0,24.0
2018-05-09 17:58:00,63.73,46.0,4492.0,24.0
2018-05-09 17:59:00,63.73,46.0,4422.0,24.0
2018-05-09 18:00:00,63.73,46.0,4263.0,24.0
2018-05-09 18:01:00,63.73,46.0,4263.0,24.0
2018-05-09 18:02:00,63.73,46.0,4252.0,24.0
2018-05-09 18:03:00,63.73,46.0,4240.0,24.0
2018-05-09 18:04:00,63.73,46.0,4222.0,24.0
2018-05-09 18:05:00,63.73,46.0,4222.0,24.0
2018-05-09 18:06:00,63.73,47.0,4170.0,24.0
2018-05-09 18:07:00,63.73,47.0,4146.0,24.0
2018-05-09 18:08:00,63.73,47.0,4029.0,24.0
2018-05-09 18:09:00,63.73,47.0,4041.0,24.0
2018-05-09 18:10:00,63.73,47.0,4082.0,24.0
2018-05-09 18:11:00,63.73,47.0,4111.0,24.0
2018-05-09 18:12:00,63.73,47.0,4187.0,24.0
2018-05-09 18:13:00,63.73,47.0,4164.0,24.0
2018-05-09 18:14:00,63.73,47.0,4146.0,24.0
2018-05-09 18:15:00,63.73,47.0,4099.0,24.0
2018-05-09 18:16:00,63.89,47.0,1090.0,24.0
2018-05-09 18:17:00,63.89,47.0,521.0,24.0
2018-05-09 18:18:00,64.05,47.0,510.0,24.0
2018-05-09 18:19:00,63.89,47.0,516.0,24.0
2018-05-09 18:20:00,63.89,47.0,557.0,24.0
2018-05-09 18:21:00,63.57,47.0,2457.0,24.0
2018-05-09 18:22:00,63.73,47.0,2756.0,24.0
2018-05-09 18:23:00,63.57,48.0,2785.0,24.0
2018-05-09 18:24:00,63.73,48.0,3513.0,24.0
2018-05-09 18:25:00,63.57,48.0,3319.0,24.0
2018-05-09 18:26:00,63.57,48.0,3302.0,24.0
2018-05-09 18:27:00,63.41,48.0,3167.0,24.0
2018-05-09 18:28:00,63.73,48.0,3090.0,24.0
2018-05-09 18:29:00,63.41,48.0,3671.0,24.0
2018-05-09 18:30:00,63.57,48.0,3794.0,24.0
2018-05-09 18:31:00,63.57,48.0,3571.0,24.0
2018-05-09 18:32:00,63.57,48.0,3384.0,24.0
2018-05-09 18:33:00,63.57,48.0,3607.0,24.0
2018-05-09 18:34:00,63.57,49.0,3630.0,24.0
2018-05-09 18:35:00,63.73,49.0,2809.0,24.0
2018-05-09 18:36:00,63.73,49.0,557.0,24.0
2018-05-09 18:37:00,63.73,49.0,563.0,24.0
2018-05-09 18:38:00,63.73,49.0,1865.0,24.0
2018-05-09 18:39:00,63.57,49.0,2697.0,24.0
2018-05-09 18:40:00,63.41,49.0,2697.0,24.0
2018-05-09 18:41:00,63.57,49.0,2973.0,24.0
2018-05-09 18:42:00,63.41,49.0,3219.0,24.0
2018-05-09 18:43:00,63.73,49.0,3208.0,24.0
2018-05-09 18:44:00,63.41,50.0,3278.0,24.0
2018-05-09 18:45:00,63.25,50.0,3014.0,24.0
2018-05-09 18:46:00,63.41,50.0,3102.0,24.0
2018-05-09 18:47:00,63.41,50.0,3184.0,24.0
2018-05-09 18:48:00,63.25,50.0,3278.0,24.0
2018-05-09 18:49:00,63.41,50.0,3753.0,24.0
2018-05-09 18:50:00,63.41,50.0,3507.0,24.0
2018-05-09 18:51:00,63.41,50.0,3478.0,24.0
2018-05-09 18:52:00,63.25,50.0,3671.0,24.0
2018-05-09 18:53:00,63.25,51.0,3800.0,24.0
2018-05-09 18:54:00,63.25,51.0,3677.0,24.0
2018-05-09 18:55:00,63.25,51.0,3683.0,24.0
2018-05-09 18:56:00,63.25,51.0,3706.0,24.0
2018-05-09 18:57:00,63.25,51.0,3683.0,24.0
2018-05-09 18:58:00,63.25,51.0,3665.0,24.0
2018-05-09 18:59:00,63.41,52.0,3624.0,24.0
2018-05-09 19:00:00,63.25,52.0,3589.0,24.0
2018-05-09 19:01:00,63.25,52.0,3712.0,24.0
2018-05-09 19:02:00,63.25,52.0,3923.0,24.0
2018-05-09 19:03:00,63.25,52.0,3401.0,24.0
2018-05-09 19:04:00,63.41,52.0,3419.0,24.0
2018-05-09 19:05:00,63.25,52.0,3395.0,24.0
2018-05-09 19:06:00,63.41,52.0,3560.0,24.0
2018-05-09 19:07:00,63.41,52.0,3659.0,24.0
2018-05-09 19:08:00,63.25,52.0,3618.0,24.0
2018-05-09 19:09:00,63.25,53.0,3730.0,24.0
2018-05-09 19:10:00,63.25,53.0,3683.0,24.0
2018-05-09 19:11:00,63.25,53.0,3718.0,24.0
2018-05-09 19:12:00,63.41,53.0,3771.0,24.0
2018-05-09 19:13:00,63.25,53.0,3724.0,24.0
2018-05-09 19:14:00,63.25,53.0,3712.0,24.0
2018-05-09 19:15:00,63.41,54.0,3747.0,24.0
2018-05-09 19:16:00,63.41,53.0,3712.0,24.0
2018-05-09 19:17:00,63.41,52.0,3624.0,24.0
2018-05-09 19:18:00,63.25,52.0,3824.0,24.0
2018-05-09 19:19:00,63.25,52.0,4123.0,24.0
2018-05-09 19:20:00,63.41,51.0,4105.0,24.0
2018-05-09 19:21:00,63.41,51.0,4093.0,24.0
2018-05-09 19:22:00,63.41,51.0,4082.0,24.0
2018-05-09 19:23:00,63.41,50.0,4076.0,24.0
2018-05-09 19:24:00,63.41,50.0,4076.0,24.0
2018-05-09 19:25:00,63.41,50.0,4052.0,24.0
2018-05-09 19:26:00,63.25,51.0,4087.0,24.0
2018-05-09 19:27:00,63.41,50.0,4064.0,24.0
2018-05-09 19:28:00,63.41,50.0,4117.0,24.0
2018-05-09 19:29:00,63.41,50.0,4117.0,24.0
2018-05-09 19:30:00,63.41,50.0,4111.0,24.0
2018-05-09 19:31:00,63.73,50.0,2527.0,24.0
2018-05-09 19:32:00,63.89,50.0,1583.0,24.0
2018-05-09 19:33:00,63.41,50.0,2809.0,24.0
2018-05-09 19:34:00,63.25,50.0,2926.0,24.0
2018-05-09 19:35:00,63.41,50.0,3026.0,24.0
2018-05-09 19:36:00,63.25,50.0,2979.0,24.0
2018-05-09 19:37:00,63.25,50.0,2897.0,24.0
2018-05-09 19:38:00,63.25,50.0,2979.0,24.0
2018-05-09 19:39:00,63.25,50.0,3032.0,24.0
2018-05-09 19:40:00,63.25,50.0,3131.0,24.0
2018-05-09 19:41:00,63.25,50.0,3149.0,24.0
2018-05-09 19:42:00,63.25,50.0,3196.0,24.0
2018-05-09 19:43:00,63.25,50.0,3196.0,24.0
2018-05-09 19:44:00,63.25,50.0,3255.0,24.0
2018-05-09 19:45:00,63.25,50.0,3366.0,24.0
2018-05-09 19:46:00,63.25,50.0,3413.0,24.0
2018-05-09 19:47:00,63.25,50.0,3454.0,24.0
2018-05-09 19:48:00,63.09,50.0,3278.0,24.0
2018-05-09 19:49:00,63.09,50.0,3313.0,24.0
2018-05-09 19:50:00,63.25,50.0,3378.0,24.0
2018-05-09 19:51:00,63.25,50.0,3260.0,24.0
2018-05-09 19:52:00,63.09,50.0,3313.0,24.0
2018-05-09 19:53:00,63.09,50.0,3307.0,24.0
2018-05-09 19:54:00,63.25,50.0,3325.0,24.0
2018-05-09 19:55:00,63.25,50.0,3319.0,24.0
2018-05-09 19:56:00,63.09,50.0,3454.0,24.0
2018-05-09 19:57:00,63.09,50.0,3085.0,24.0
2018-05-09 19:58:00,63.25,50.0,3249.0,24.0
2018-05-09 19:59:00,63.09,50.0,2780.0,24.0
2018-05-09 20:00:00,63.25,50.0,3401.0,24.0
2018-05-09 20:01:00,63.25,50.0,4152.0,24.0
2018-05-09 20:02:00,63.25,50.0,4234.0,24.0
2018-05-09 20:03:00,63.25,50.0,4234.0,24.0
2018-05-09 20:04:00,63.09,50.0,4228.0,24.0
2018-05-09 20:05:00,63.09,50.0,4170.0,24.0
2018-05-09 20:06:00,63.09,51.0,4310.0,24.0
2018-05-09 20:07:00,63.25,51.0,4310.0,24.0
2018-05-09 20:08:00,63.09,51.0,4322.0,24.0
2018-05-09 20:09:00,63.09,51.0,4328.0,23.0
2018-05-09 20:10:00,63.09,51.0,4334.0,23.0
2018-05-09 20:11:00,63.57,51.0,4175.0,23.0
2018-05-09 20:12:00,63.09,51.0,3190.0,23.0
2018-05-09 20:13:00,63.09,51.0,3753.0,23.0
2018-05-09 20:14:00,63.09,51.0,3736.0,23.0
2018-05-09 20:15:00,63.09,51.0,3700.0,23.0
2018-05-09 20:16:00,63.09,51.0,3771.0,23.0
2018-05-09 20:17:00,63.09,51.0,3747.0,23.0
2018-05-09 20:18:00,63.25,51.0,3747.0,23.0
2018-05-09 20:19:00,63.09,51.0,3736.0,23.0
2018-05-09 20:20:00,63.09,51.0,3695.0,23.0
2018-05-09 20:21:00,63.09,52.0,3718.0,23.0
2018-05-09 20:22:00,63.09,52.0,3782.0,23.0
2018-05-09 20:23:00,63.09,52.0,3824.0,23.0
2018-05-09 20:24:00,63.09,52.0,3812.0,23.0
2018-05-09 20:25:00,63.09,52.0,3782.0,23.0
2018-05-09 20:26:00,63.09,52.0,3800.0,23.0
2018-05-09 20:27:00,63.09,52.0,3788.0,23.0
2018-05-09 20:28:00,63.09,52.0,3759.0,23.0
2018-05-09 20:29:00,63.09,52.0,3771.0,23.0
2018-05-09 20:30:00,62.93,53.0,3800.0,23.0
2018-05-09 20:31:00,62.93,53.0,3794.0,23.0
2018-05-09 20:32:00,62.93,53.0,3812.0,23.0
2018-05-09 20:33:00,63.09,53.0,3812.0,23.0
2018-05-09 20:34:00,63.09,53.0,3829.0,23.0
2018-05-09 20:35:00,62.93,53.0,3829.0,23.0
2018-05-09 20:36:00,62.93,53.0,3835.0,23.0
2018-05-09 20:37:00,62.93,53.0,3835.0,23.0
2018-05-09 20:38:00,62.93,53.0,3829.0,23.0
2018-05-09 20:39:00,62.93,53.0,3829.0,23.0
2018-05-09 20:40:00,62.93,53.0,3829.0,23.0
2018-05-09 20:41:00,62.93,53.0,3829.0,23.0
2018-05-09 20:42:00,62.93,53.0,3824.0,23.0
2018-05-09 20:43:00,62.93,54.0,3824.0,23.0
2018-05-09 20:44:00,62.93,54.0,3824.0,23.0
2018-05-09 20:45:00,62.93,54.0,3824.0,23.0
2018-05-09 20:46:00,62.93,54.0,3824.0,23.0
2018-05-09 20:47:00,62.93,54.0,3824.0,23.0
2018-05-09 20:48:00,62.93,54.0,3818.0,23.0
2018-05-09 20:49:00,62.93,54.0,3818.0,23.0
2018-05-09 20:50:00,63.09,54.0,3812.0,23.0
2018-05-09 20:51:00,63.09,54.0,3812.0,23.0
2018-05-09 20:52:00,63.09,54.0,3800.0,23.0
2018-05-09 20:53:00,63.09,54.0,3800.0,23.0
2018-05-09 20:54:00,63.25,54.0,3806.0,23.0
2018-05-09 20:55:00,63.25,54.0,3800.0,23.0
2018-05-09 20:56:00,63.09,54.0,3777.0,23.0
2018-05-09 20:57:00,63.09,54.0,3771.0,23.0
2018-05-09 20:58:00,63.09,54.0,3730.0,23.0
2018-05-09 20:59:00,63.09,55.0,3706.0,23.0
2018-05-09 21:00:00,63.09,55.0,3700.0,23.0
2018-05-09 21:01:00,63.09,55.0,3695.0,23.0
2018-05-09 21:02:00,63.09,55.0,3683.0,23.0
2018-05-09 21:03:00,63.09,55.0,3683.0,23.0
2018-05-09 21:04:00,63.09,55.0,3560.0,23.0
2018-05-09 21:05:00,63.09,55.0,3583.0,23.0
2018-05-09 21:06:00,63.09,55.0,3747.0,23.0
2018-05-09 21:07:00,63.09,55.0,3653.0,23.0
2018-05-09 21:08:00,62.93,55.0,3577.0,23.0
2018-05-09 21:09:00,62.93,55.0,3595.0,23.0
2018-05-09 21:10:00,63.09,55.0,3659.0,23.0
2018-05-09 21:11:00,63.09,55.0,3624.0,23.0
2018-05-09 21:12:00,63.09,55.0,3630.0,23.0
2018-05-09 21:13:00,63.09,55.0,3612.0,23.0
2018-05-09 21:14:00,63.09,55.0,3577.0,23.0
2018-05-09 21:15:00,63.09,55.0,3554.0,23.0
2018-05-09 21:16:00,63.09,55.0,3612.0,23.0
2018-05-09 21:17:00,62.93,55.0,3612.0,23.0
2018-05-09 21:18:00,62.93,55.0,3436.0,23.0
2018-05-09 21:19:00,63.09,55.0,3266.0,23.0
2018-05-09 21:20:00,63.09,55.0,3296.0,23.0
2018-05-09 21:21:00,63.09,55.0,3337.0,23.0
2018-05-09 21:22:00,63.09,55.0,3307.0,23.0
2018-05-09 21:23:00,62.93,55.0,2815.0,23.0
2018-05-09 21:24:00,63.09,55.0,3636.0,23.0
2018-05-09 21:25:00,63.09,55.0,3536.0,23.0
2018-05-09 21:26:00,63.09,56.0,3601.0,23.0
2018-05-09 21:27:00,62.93,56.0,3554.0,23.0
2018-05-09 21:28:00,63.09,56.0,3829.0,23.0
2018-05-09 21:29:00,63.09,56.0,3771.0,23.0
2018-05-09 21:30:00,63.09,56.0,3554.0,23.0
2018-05-09 21:31:00,63.09,56.0,3319.0,23.0
2018-05-09 21:32:00,63.09,56.0,3560.0,23.0
2018-05-09 21:33:00,63.09,56.0,3747.0,23.0
2018-05-09 21:34:00,63.09,56.0,3759.0,23.0
2018-05-09 21:35:00,63.09,56.0,3683.0,23.0
2018-05-09 21:36:00,63.25,56.0,3624.0,23.0
2018-05-09 21:37:00,63.25,56.0,3612.0,23.0
2018-05-09 21:38:00,63.09,56.0,3642.0,23.0
2018-05-09 21:39:00,63.09,56.0,3577.0,23.0
2018-05-09 21:40:00,63.09,56.0,3038.0,23.0
2018-05-09 21:41:00,63.09,56.0,3384.0,23.0
2018-05-09 21:42:00,63.09,56.0,3307.0,23.0
2018-05-09 21:43:00,63.25,56.0,3337.0,23.0
2018-05-09 21:44:00,63.09,56.0,3272.0,23.0
2018-05-09 21:45:00,63.09,56.0,3348.0,23.0
2018-05-09 21:46:00,63.09,56.0,3307.0,23.0
2018-05-09 21:47:00,62.93,56.0,3302.0,23.0
2018-05-09 21:48:00,63.25,56.0,3307.0,23.0
2018-05-09 21:49:00,63.09,56.0,3237.0,23.0
2018-05-09 21:50:00,63.09,56.0,3366.0,23.0
2018-05-09 21:51:00,63.09,56.0,3348.0,23.0
2018-05-09 21:52:00,63.09,56.0,3337.0,23.0
2018-05-09 21:53:00,63.09,56.0,3307.0,23.0
2018-05-09 21:54:00,63.09,56.0,3325.0,23.0
2018-05-09 21:55:00,62.93,56.0,3354.0,23.0
2018-05-09 21:56:00,62.93,56.0,3319.0,23.0
2018-05-09 21:57:00,63.09,56.0,3360.0,23.0
2018-05-09 21:58:00,63.09,56.0,3360.0,23.0
2018-05-09 21:59:00,62.93,56.0,3395.0,23.0
2018-05-09 22:00:00,62.93,56.0,3431.0,23.0
2018-05-09 22:01:00,63.09,56.0,3413.0,23.0
2018-05-09 22:02:00,63.09,56.0,3384.0,23.0
2018-05-09 22:03:00,62.93,56.0,3378.0,23.0
2018-05-09 22:04:00,62.93,56.0,3442.0,23.0
2018-05-09 22:05:00,63.09,56.0,3436.0,23.0
2018-05-09 22:06:00,63.25,56.0,3425.0,23.0
2018-05-09 22:07:00,63.25,56.0,3419.0,23.0
2018-05-09 22:08:00,63.25,56.0,3431.0,23.0
2018-05-09 22:09:00,63.25,56.0,3425.0,23.0
2018-05-09 22:10:00,63.25,56.0,3425.0,23.0
2018-05-09 22:11:00,63.25,56.0,3419.0,23.0
2018-05-09 22:12:00,63.25,56.0,3378.0,23.0
2018-05-09 22:13:00,63.41,56.0,3390.0,23.0
2018-05-09 22:14:00,63.25,56.0,3483.0,23.0
2018-05-09 22:15:00,63.25,56.0,3460.0,23.0
2018-05-09 22:16:00,63.25,56.0,3448.0,23.0
2018-05-09 22:17:00,63.25,57.0,3472.0,23.0
2018-05-09 22:18:00,63.25,57.0,3448.0,23.0
2018-05-09 22:19:00,63.25,57.0,3448.0,23.0
2018-05-09 22:20:00,63.25,57.0,3478.0,23.0
2018-05-09 22:21:00,63.25,57.0,3472.0,23.0
2018-05-09 22:22:00,63.41,57.0,3472.0,23.0
2018-05-09 22:23:00,63.41,57.0,3472.0,23.0
2018-05-09 22:24:00,63.41,57.0,3466.0,23.0
2018-05-09 22:25:00,63.41,57.0,3460.0,23.0
2018-05-09 22:26:00,63.41,57.0,3460.0,23.0
2018-05-09 22:27:00,63.41,57.0,3448.0,23.0
2018-05-09 22:28:00,63.41,57.0,3442.0,23.0
2018-05-09 22:29:00,63.25,57.0,3431.0,23.0
2018-05-09 22:30:00,63.41,57.0,3419.0,23.0
2018-05-09 22:31:00,63.41,57.0,3413.0,23.0
2018-05-09 22:32:00,63.25,57.0,3366.0,23.0
2018-05-09 22:33:00,63.25,57.0,3360.0,23.0
2018-05-09 22:34:00,63.25,57.0,3249.0,23.0
2018-05-09 22:35:00,62.93,57.0,2815.0,23.0
2018-05-09 22:36:00,62.93,57.0,2815.0,23.0
2018-05-09 22:37:00,63.57,57.0,428.0,23.0
2018-05-09 22:38:00,63.41,56.0,1765.0,23.0
2018-05-09 22:39:00,63.41,56.0,3313.0,23.0
2018-05-09 22:40:00,63.41,56.0,3243.0,23.0
2018-05-09 22:41:00,63.41,55.0,3219.0,23.0
2018-05-09 22:42:00,63.41,55.0,3155.0,23.0
2018-05-09 22:43:00,63.41,55.0,3167.0,23.0
2018-05-09 22:44:00,63.25,55.0,3378.0,23.0
2018-05-09 22:45:00,63.57,54.0,2293.0,23.0
2018-05-09 22:46:00,65.5,54.0,551.0,23.0
2018-05-09 22:47:00,65.34,54.0,2516.0,23.0
2018-05-09 22:48:00,65.18,53.0,3143.0,23.0
2018-05-09 22:49:00,65.18,52.0,3683.0,23.0
2018-05-09 22:50:00,65.18,51.0,2950.0,23.0
2018-05-09 22:51:00,65.18,50.0,2856.0,23.0
2018-05-09 22:52:00,65.18,50.0,3161.0,23.0
2018-05-09 22:53:00,65.18,50.0,3202.0,23.0
2018-05-09 22:54:00,65.18,49.0,3161.0,23.0
2018-05-09 22:55:00,65.18,48.0,3173.0,23.0
2018-05-09 22:56:00,65.18,48.0,3196.0,23.0
2018-05-09 22:57:00,65.34,48.0,3190.0,23.0
2018-05-09 22:58:00,65.5,48.0,2803.0,23.0
2018-05-09 22:59:00,65.5,48.0,392.0,23.0
2018-05-09 23:00:00,65.02,48.0,322.0,23.0
2018-05-09 23:01:00,65.5,49.0,533.0,23.0
2018-05-09 23:02:00,65.5,48.0,299.0,23.0
2018-05-09 23:03:00,65.34,48.0,299.0,23.0
2018-05-09 23:04:00,65.5,48.0,304.0,23.0
2018-05-09 23:05:00,65.34,48.0,287.0,23.0
2018-05-09 23:06:00,65.34,48.0,281.0,23.0
2018-05-09 23:07:00,65.34,48.0,275.0,23.0
2018-05-09 23:08:00,65.34,48.0,269.0,23.0
2018-05-09 23:09:00,65.66,47.0,275.0,23.0
2018-05-09 23:10:00,65.34,47.0,287.0,23.0
2018-05-09 23:11:00,65.34,47.0,293.0,23.0
2018-05-09 23:12:00,65.18,48.0,299.0,23.0
2018-05-09 23:13:00,65.34,48.0,304.0,23.0
2018-05-09 23:14:00,65.5,48.0,310.0,23.0
2018-05-09 23:15:00,65.18,48.0,516.0,23.0
2018-05-09 23:16:00,65.66,48.0,3413.0,23.0
2018-05-09 23:17:00,65.5,48.0,340.0,23.0
2018-05-09 23:18:00,65.34,48.0,334.0,23.0
2018-05-09 23:19:00,65.5,48.0,328.0,23.0
2018-05-09 23:20:00,65.34,48.0,334.0,23.0
2018-05-09 23:21:00,65.5,48.0,340.0,23.0
2018-05-09 23:22:00,65.34,48.0,557.0,23.0
2018-05-09 23:23:00,65.34,48.0,680.0,23.0
2018-05-09 23:24:00,65.34,48.0,680.0,23.0
2018-05-09 23:25:00,65.5,48.0,979.0,23.0
2018-05-09 23:26:00,65.18,48.0,3929.0,23.0
2018-05-09 23:27:00,65.18,48.0,4181.0,23.0
2018-05-09 23:28:00,65.18,48.0,4445.0,23.0
2018-05-09 23:29:00,65.18,48.0,4486.0,23.0
2018-05-09 23:30:00,65.18,48.0,4533.0,23.0
2018-05-09 23:31:00,65.34,49.0,4651.0,22.0
2018-05-09 23:32:00,65.18,49.0,4651.0,22.0
2018-05-09 23:33:00,65.18,49.0,4621.0,22.0
2018-05-09 23:34:00,65.18,49.0,4586.0,22.0
2018-05-09 23:35:00,65.5,49.0,4598.0,22.0
2018-05-09 23:36:00,65.34,49.0,4586.0,22.0
2018-05-09 23:37:00,65.34,49.0,4586.0,22.0
2018-05-09 23:38:00,65.34,49.0,4586.0,22.0
2018-05-09 23:39:00,65.34,49.0,4604.0,22.0
2018-05-09 23:40:00,65.18,49.0,4598.0,22.0
2018-05-09 23:41:00,65.18,49.0,4586.0,22.0
2018-05-09 23:42:00,65.18,49.0,4586.0,22.0
2018-05-09 23:43:00,65.18,49.0,4580.0,22.0
2018-05-09 23:44:00,65.02,49.0,4598.0,22.0
2018-05-09 23:45:00,65.18,49.0,4598.0,22.0
2018-05-09 23:46:00,65.18,49.0,4598.0,22.0
2018-05-09 23:47:00,65.02,49.0,4586.0,22.0
2018-05-09 23:48:00,65.02,49.0,4580.0,22.0
2018-05-09 23:49:00,65.02,49.0,4568.0,22.0
2018-05-09 23:50:00,65.02,49.0,4586.0,22.0
2018-05-09 23:51:00,65.02,49.0,4592.0,22.0
2018-05-09 23:52:00,65.18,49.0,4586.0,22.0
2018-05-09 23:53:00,65.02,49.0,4563.0,22.0
2018-05-09 23:54:00,65.02,49.0,4604.0,22.0
2018-05-09 23:55:00,65.02,49.0,4521.0,22.0
2018-05-09 23:56:00,65.18,50.0,4498.0,22.0
2018-05-09 23:57:00,65.02,50.0,4521.0,22.0
2018-05-09 23:58:00,65.18,50.0,4533.0,22.0
2018-05-09 23:59:00,65.02,50.0,1343.0,22.0
2018-05-10 00:00:00,65.18,50.0,4228.0,22.0
2018-05-10 00:01:00,65.18,50.0,4275.0,22.0
2018-05-10 00:02:00,65.18,50.0,4258.0,22.0
2018-05-10 00:03:00,65.02,50.0,4246.0,22.0
2018-05-10 00:04:00,65.18,50.0,4258.0,22.0
2018-05-10 00:05:00,65.18,50.0,4222.0,22.0
2018-05-10 00:06:00,65.18,51.0,4158.0,22.0
2018-05-10 00:07:00,65.18,51.0,4146.0,22.0
2018-05-10 00:08:00,65.18,51.0,4134.0,22.0
2018-05-10 00:09:00,65.5,51.0,4158.0,22.0
2018-05-10 00:10:00,65.5,51.0,4129.0,22.0
2018-05-10 00:11:00,65.34,51.0,4117.0,22.0
2018-05-10 00:12:00,65.34,51.0,4199.0,22.0
2018-05-10 00:13:00,65.34,51.0,4211.0,22.0
2018-05-10 00:14:00,65.18,51.0,4205.0,22.0
2018-05-10 00:15:00,65.18,51.0,4140.0,22.0
2018-05-10 00:16:00,65.02,51.0,4129.0,22.0
2018-05-10 00:17:00,65.18,51.0,4158.0,22.0
2018-05-10 00:18:00,65.02,51.0,4146.0,22.0
2018-05-10 00:19:00,65.02,51.0,4099.0,22.0
2018-05-10 00:20:00,65.02,51.0,4058.0,22.0
2018-05-10 00:21:00,65.5,51.0,3994.0,22.0
2018-05-10 00:22:00,65.02,52.0,2944.0,22.0
2018-05-10 00:23:00,65.02,52.0,4123.0,22.0
2018-05-10 00:24:00,65.02,52.0,4281.0,22.0
2018-05-10 00:25:00,65.02,52.0,4205.0,22.0
2018-05-10 00:26:00,65.02,52.0,4228.0,22.0
2018-05-10 00:27:00,65.02,52.0,4234.0,22.0
2018-05-10 00:28:00,65.02,52.0,4258.0,22.0
2018-05-10 00:29:00,65.02,53.0,4222.0,22.0
2018-05-10 00:30:00,65.02,53.0,4217.0,22.0
2018-05-10 00:31:00,65.02,53.0,4240.0,22.0
2018-05-10 00:32:00,65.02,53.0,4299.0,22.0
2018-05-10 00:33:00,65.02,54.0,4304.0,22.0
2018-05-10 00:34:00,65.02,54.0,4316.0,22.0
2018-05-10 00:35:00,65.02,54.0,4363.0,22.0
2018-05-10 00:36:00,65.02,54.0,4334.0,22.0
2018-05-10 00:37:00,65.02,54.0,4334.0,22.0
2018-05-10 00:38:00,65.02,54.0,4328.0,22.0
2018-05-10 00:39:00,65.02,54.0,4334.0,22.0
2018-05-10 00:40:00,65.02,54.0,4334.0,22.0
2018-05-10 00:41:00,65.02,54.0,4328.0,22.0
2018-05-10 00:42:00,65.02,54.0,4328.0,22.0
2018-05-10 00:43:00,65.02,54.0,4328.0,22.0
2018-05-10 00:44:00,65.02,54.0,4322.0,22.0
2018-05-10 00:45:00,65.02,54.0,4322.0,22.0
2018-05-10 00:46:00,65.02,54.0,4322.0,22.0
2018-05-10 00:47:00,65.18,54.0,4322.0,22.0
2018-05-10 00:48:00,65.18,54.0,4322.0,22.0
2018-05-10 00:49:00,65.18,54.0,4322.0,22.0
2018-05-10 00:50:00,65.18,54.0,4316.0,22.0
2018-05-10 00:51:00,65.18,55.0,4316.0,22.0
2018-05-10 00:52:00,65.18,55.0,4275.0,22.0
2018-05-10 00:53:00,65.18,55.0,4293.0,22.0
2018-05-10 00:54:00,65.18,55.0,4357.0,22.0
2018-05-10 00:55:00,65.18,55.0,4351.0,22.0
2018-05-10 00:56:00,65.34,55.0,4299.0,22.0
2018-05-10 00:57:00,65.34,55.0,4281.0,22.0
2018-05-10 00:58:00,65.34,55.0,4299.0,22.0
2018-05-10 00:59:00,65.34,55.0,4217.0,22.0
2018-05-10 01:00:00,65.34,55.0,4228.0,22.0
2018-05-10 01:01:00,65.34,55.0,4234.0,22.0
2018-05-10 01:02:00,65.34,55.0,4205.0,22.0
2018-05-10 01:03:00,65.34,55.0,4199.0,22.0
2018-05-10 01:04:00,65.5,55.0,4187.0,22.0
2018-05-10 01:05:00,65.5,55.0,4293.0,22.0
2018-05-10 01:06:00,65.34,55.0,4246.0,22.0
2018-05-10 01:07:00,65.34,55.0,4246.0,22.0
2018-05-10 01:08:00,65.34,56.0,4269.0,22.0
2018-05-10 01:09:00,65.34,56.0,4275.0,22.0
2018-05-10 01:10:00,65.34,56.0,4304.0,22.0
2018-05-10 01:11:00,65.34,56.0,4287.0,22.0
2018-05-10 01:12:00,65.34,56.0,4328.0,22.0
2018-05-10 01:13:00,65.66,56.0,4316.0,22.0
2018-05-10 01:14:00,65.5,56.0,4287.0,22.0
2018-05-10 01:15:00,65.5,56.0,4281.0,22.0
2018-05-10 01:16:00,65.34,56.0,4351.0,22.0
2018-05-10 01:17:00,65.34,56.0,4346.0,22.0
2018-05-10 01:18:00,65.34,56.0,4346.0,22.0
2018-05-10 01:19:00,65.34,56.0,4340.0,22.0
2018-05-10 01:20:00,65.34,56.0,4340.0,22.0
2018-05-10 01:21:00,65.34,56.0,4340.0,22.0
2018-05-10 01:22:00,65.34,56.0,4340.0,22.0
2018-05-10 01:23:00,65.5,56.0,4340.0,22.0
2018-05-10 01:24:00,65.34,56.0,4340.0,22.0
2018-05-10 01:25:00,65.34,56.0,4340.0,22.0
2018-05-10 01:26:00,65.34,56.0,4340.0,22.0
2018-05-10 01:27:00,65.34,56.0,4340.0,22.0
2018-05-10 01:28:00,65.34,56.0,4340.0,22.0
2018-05-10 01:29:00,65.34,56.0,4340.0,22.0
2018-05-10 01:30:00,65.5,56.0,4340.0,22.0
2018-05-10 01:31:00,65.5,56.0,4340.0,22.0
2018-05-10 01:32:00,65.34,56.0,4340.0,22.0
2018-05-10 01:33:00,65.34,56.0,4340.0,22.0
2018-05-10 01:34:00,65.5,56.0,4340.0,22.0
2018-05-10 01:35:00,65.5,56.0,4340.0,22.0
2018-05-10 01:36:00,65.5,57.0,4340.0,22.0
2018-05-10 01:37:00,65.5,57.0,4340.0,22.0
2018-05-10 01:38:00,65.34,57.0,4340.0,22.0
2018-05-10 01:39:00,65.34,57.0,4340.0,22.0
2018-05-10 01:40:00,65.34,57.0,4340.0,22.0
2018-05-10 01:41:00,65.34,57.0,4340.0,22.0
2018-05-10 01:42:00,65.18,57.0,4340.0,22.0
2018-05-10 01:43:00,65.18,57.0,4340.0,22.0
2018-05-10 01:44:00,65.18,57.0,4340.0,22.0
2018-05-10 01:45:00,65.18,57.0,4340.0,22.0
2018-05-10 01:46:00,65.18,57.0,4340.0,22.0
2018-05-10 01:47:00,65.18,57.0,4334.0,22.0
2018-05-10 01:48:00,65.18,57.0,4340.0,22.0
2018-05-10 01:49:00,65.18,57.0,4334.0,22.0
2018-05-10 01:50:00,65.18,57.0,4334.0,22.0
2018-05-10 01:51:00,65.18,57.0,4334.0,22.0
2018-05-10 01:52:00,65.18,57.0,4334.0,22.0
2018-05-10 01:53:00,65.34,57.0,4334.0,22.0
2018-05-10 01:54:00,65.18,57.0,4334.0,22.0
2018-05-10 01:55:00,65.18,57.0,4334.0,22.0
2018-05-10 01:56:00,65.18,57.0,4334.0,22.0
2018-05-10 01:57:00,65.18,57.0,4334.0,22.0
2018-05-10 01:58:00,65.18,57.0,4334.0,22.0
2018-05-10 01:59:00,65.18,57.0,4334.0,22.0
2018-05-10 02:00:00,65.18,57.0,4334.0,22.0
2018-05-10 02:01:00,65.18,57.0,4334.0,22.0
2018-05-10 02:02:00,65.18,57.0,4334.0,22.0
2018-05-10 02:03:00,65.18,57.0,4334.0,22.0
2018-05-10 02:04:00,65.18,57.0,4334.0,22.0
2018-05-10 02:05:00,65.18,57.0,4334.0,22.0
2018-05-10 02:06:00,65.18,57.0,4334.0,22.0
2018-05-10 02:07:00,65.18,57.0,4334.0,22.0
2018-05-10 02:08:00,65.18,57.0,4334.0,22.0
2018-05-10 02:09:00,65.18,57.0,4334.0,22.0
2018-05-10 02:10:00,65.18,57.0,4334.0,22.0
2018-05-10 02:11:00,65.18,57.0,4334.0,22.0
2018-05-10 02:12:00,65.34,57.0,4334.0,22.0
2018-05-10 02:13:00,65.34,57.0,4334.0,22.0
2018-05-10 02:14:00,65.18,57.0,4334.0,22.0
2018-05-10 02:15:00,65.18,58.0,4334.0,22.0
2018-05-10 02:16:00,65.18,58.0,4334.0,22.0
2018-05-10 02:17:00,65.18,58.0,4334.0,22.0
2018-05-10 02:18:00,65.18,58.0,4334.0,22.0
2018-05-10 02:19:00,65.18,58.0,4334.0,22.0
2018-05-10 02:20:00,65.18,58.0,4334.0,22.0
2018-05-10 02:21:00,65.18,58.0,4334.0,22.0
2018-05-10 02:22:00,65.18,58.0,4334.0,22.0
2018-05-10 02:23:00,65.34,58.0,4334.0,22.0
2018-05-10 02:24:00,65.18,58.0,4334.0,22.0
2018-05-10 02:25:00,65.18,58.0,4334.0,22.0
2018-05-10 02:26:00,65.18,58.0,4334.0,22.0
2018-05-10 02:27:00,65.18,58.0,4334.0,22.0
2018-05-10 02:28:00,65.18,58.0,4334.0,22.0
2018-05-10 02:29:00,65.18,58.0,4334.0,22.0
2018-05-10 02:30:00,65.18,58.0,4334.0,22.0
2018-05-10 02:31:00,65.02,58.0,4334.0,22.0
2018-05-10 02:32:00,65.02,58.0,4334.0,22.0
2018-05-10 02:33:00,65.18,58.0,4334.0,22.0
2018-05-10 02:34:00,65.18,58.0,4334.0,22.0
2018-05-10 02:35:00,65.18,58.0,4316.0,22.0
2018-05-10 02:36:00,65.18,58.0,4351.0,22.0
2018-05-10 02:37:00,65.18,58.0,4351.0,22.0
2018-05-10 02:38:00,65.18,58.0,4351.0,22.0
2018-05-10 02:39:00,65.18,58.0,4375.0,22.0
2018-05-10 02:40:00,65.18,58.0,4375.0,22.0
2018-05-10 02:41:00,65.18,58.0,4375.0,22.0
2018-05-10 02:42:00,65.18,58.0,4375.0,22.0
2018-05-10 02:43:00,65.02,58.0,4375.0,22.0
2018-05-10 02:44:00,65.18,58.0,4375.0,22.0
2018-05-10 02:45:00,65.02,58.0,4375.0,22.0
2018-05-10 02:46:00,65.02,58.0,4375.0,22.0
2018-05-10 02:47:00,65.02,58.0,4375.0,22.0
2018-05-10 02:48:00,65.18,58.0,4375.0,22.0
2018-05-10 02:49:00,65.02,58.0,4375.0,22.0
2018-05-10 02:50:00,65.02,58.0,4375.0,22.0
2018-05-10 02:51:00,65.02,58.0,4375.0,22.0
2018-05-10 02:52:00,65.02,58.0,4375.0,22.0
2018-05-10 02:53:00,65.02,58.0,4375.0,22.0
2018-05-10 02:54:00,65.02,58.0,4375.0,22.0
2018-05-10 02:55:00,65.02,58.0,4375.0,22.0
2018-05-10 02:56:00,65.02,58.0,4375.0,22.0
2018-05-10 02:57:00,65.02,58.0,4375.0,22.0
2018-05-10 02:58:00,65.02,58.0,4375.0,22.0
2018-05-10 02:59:00,65.02,58.0,4351.0,22.0
2018-05-10 03:00:00,65.02,58.0,4346.0,22.0
2018-05-10 03:01:00,65.02,58.0,4351.0,22.0
2018-05-10 03:02:00,65.02,58.0,4357.0,22.0
2018-05-10 03:03:00,65.02,58.0,4392.0,22.0
2018-05-10 03:04:00,65.02,58.0,4392.0,22.0
2018-05-10 03:05:00,65.02,58.0,4387.0,22.0
2018-05-10 03:06:00,65.02,58.0,4381.0,22.0
2018-05-10 03:07:00,65.02,58.0,4375.0,22.0
2018-05-10 03:08:00,65.18,58.0,4322.0,22.0
2018-05-10 03:09:00,65.18,58.0,4269.0,22.0
2018-05-10 03:10:00,65.02,58.0,4310.0,22.0
2018-05-10 03:11:00,65.02,58.0,4351.0,22.0
2018-05-10 03:12:00,65.02,58.0,4375.0,22.0
2018-05-10 03:13:00,65.02,58.0,4369.0,22.0
2018-05-10 03:14:00,65.18,58.0,4375.0,22.0
2018-05-10 03:15:00,65.02,58.0,4369.0,22.0
2018-05-10 03:16:00,65.02,58.0,4369.0,22.0
2018-05-10 03:17:00,65.18,58.0,4369.0,22.0
2018-05-10 03:18:00,65.34,58.0,4369.0,22.0
2018-05-10 03:19:00,65.34,58.0,4369.0,22.0
2018-05-10 03:20:00,65.34,58.0,4369.0,22.0
2018-05-10 03:21:00,65.18,58.0,4375.0,22.0
2018-05-10 03:22:00,65.02,58.0,4369.0,22.0
2018-05-10 03:23:00,65.02,58.0,4375.0,22.0
2018-05-10 03:24:00,65.18,58.0,4375.0,22.0
2018-05-10 03:25:00,65.18,58.0,4375.0,22.0
2018-05-10 03:26:00,65.18,58.0,4375.0,22.0
2018-05-10 03:27:00,65.18,58.0,4375.0,22.0
2018-05-10 03:28:00,65.18,58.0,4375.0,22.0
2018-05-10 03:29:00,65.18,58.0,4375.0,22.0
2018-05-10 03:30:00,65.18,58.0,4375.0,22.0
2018-05-10 03:31:00,65.18,58.0,4375.0,22.0
2018-05-10 03:32:00,65.18,58.0,4375.0,22.0
2018-05-10 03:33:00,65.18,58.0,4375.0,22.0
2018-05-10 03:34:00,65.34,58.0,4375.0,22.0
2018-05-10 03:35:00,65.5,58.0,4375.0,22.0
2018-05-10 03:36:00,65.5,58.0,4375.0,22.0
2018-05-10 03:37:00,65.34,58.0,4375.0,22.0
2018-05-10 03:38:00,65.5,58.0,4375.0,22.0
2018-05-10 03:39:00,65.34,58.0,4375.0,22.0
2018-05-10 03:40:00,65.34,59.0,4375.0,22.0
2018-05-10 03:41:00,65.34,59.0,4375.0,22.0
2018-05-10 03:42:00,65.34,59.0,4375.0,22.0
2018-05-10 03:43:00,65.18,59.0,4375.0,22.0
2018-05-10 03:44:00,65.18,59.0,4375.0,22.0
2018-05-10 03:45:00,65.18,59.0,4381.0,22.0
2018-05-10 03:46:00,65.18,59.0,4375.0,22.0
2018-05-10 03:47:00,65.18,59.0,4375.0,22.0
2018-05-10 03:48:00,65.18,59.0,4375.0,22.0
2018-05-10 03:49:00,65.18,59.0,4375.0,22.0
2018-05-10 03:50:00,65.18,59.0,4375.0,22.0
2018-05-10 03:51:00,65.02,59.0,4375.0,22.0
2018-05-10 03:52:00,65.02,59.0,4375.0,22.0
2018-05-10 03:53:00,65.02,59.0,4381.0,22.0
2018-05-10 03:54:00,65.02,59.0,4375.0,22.0
2018-05-10 03:55:00,65.02,59.0,4375.0,22.0
2018-05-10 03:56:00,65.02,59.0,4375.0,22.0
2018-05-10 03:57:00,65.02,59.0,4381.0,22.0
2018-05-10 03:58:00,65.02,59.0,4375.0,22.0
2018-05-10 03:59:00,65.02,59.0,4375.0,22.0
2018-05-10 04:00:00,65.02,59.0,4369.0,22.0
2018-05-10 04:01:00,65.02,59.0,4375.0,22.0
2018-05-10 04:02:00,65.02,59.0,4375.0,22.0
2018-05-10 04:03:00,65.02,59.0,4369.0,22.0
2018-05-10 04:04:00,65.02,59.0,4375.0,22.0
2018-05-10 04:05:00,65.02,59.0,4375.0,22.0
2018-05-10 04:06:00,65.02,59.0,4369.0,22.0
2018-05-10 04:07:00,65.02,59.0,4375.0,22.0
2018-05-10 04:08:00,65.02,59.0,4369.0,22.0
2018-05-10 04:09:00,65.02,59.0,4369.0,22.0
2018-05-10 04:10:00,65.02,59.0,4369.0,22.0
2018-05-10 04:11:00,65.02,59.0,4328.0,22.0
2018-05-10 04:12:00,65.02,59.0,4392.0,22.0
2018-05-10 04:13:00,65.02,59.0,4392.0,22.0
2018-05-10 04:14:00,65.02,59.0,4392.0,22.0
2018-05-10 04:15:00,65.02,59.0,4392.0,22.0
2018-05-10 04:16:00,65.02,59.0,4398.0,22.0
2018-05-10 04:17:00,65.02,59.0,4398.0,22.0
2018-05-10 04:18:00,65.02,59.0,4398.0,22.0
2018-05-10 04:19:00,65.02,59.0,4398.0,22.0
2018-05-10 04:20:00,65.02,59.0,4398.0,22.0
2018-05-10 04:21:00,65.02,59.0,4398.0,22.0
2018-05-10 04:22:00,65.34,59.0,4398.0,22.0
2018-05-10 04:23:00,65.02,59.0,4398.0,22.0
2018-05-10 04:24:00,65.02,59.0,4398.0,22.0
2018-05-10 04:25:00,65.02,59.0,4398.0,22.0
2018-05-10 04:26:00,65.18,59.0,4398.0,22.0
2018-05-10 04:27:00,65.18,59.0,4398.0,22.0
2018-05-10 04:28:00,65.02,59.0,4398.0,22.0
2018-05-10 04:29:00,65.18,59.0,4398.0,22.0
2018-05-10 04:30:00,65.02,59.0,4398.0,22.0
2018-05-10 04:31:00,65.18,59.0,4398.0,22.0
2018-05-10 04:32:00,65.18,59.0,4398.0,22.0
2018-05-10 04:33:00,65.02,59.0,4398.0,22.0
2018-05-10 04:34:00,65.02,59.0,4398.0,22.0
2018-05-10 04:35:00,65.02,59.0,4398.0,22.0
2018-05-10 04:36:00,65.02,59.0,4398.0,22.0
2018-05-10 04:37:00,65.02,59.0,4398.0,22.0
2018-05-10 04:38:00,65.02,59.0,4398.0,22.0
2018-05-10 04:39:00,65.02,59.0,4398.0,22.0
2018-05-10 04:40:00,65.02,59.0,4398.0,22.0
2018-05-10 04:41:00,65.02,59.0,4398.0,22.0
2018-05-10 04:42:00,65.02,59.0,4398.0,22.0
2018-05-10 04:43:00,65.02,59.0,4398.0,22.0
2018-05-10 04:44:00,65.02,59.0,4398.0,22.0
2018-05-10 04:45:00,64.86,59.0,4398.0,22.0
2018-05-10 04:46:00,65.34,59.0,4398.0,22.0
2018-05-10 04:47:00,64.86,59.0,4398.0,22.0
2018-05-10 04:48:00,65.02,59.0,4398.0,22.0
2018-05-10 04:49:00,65.02,60.0,4398.0,22.0
2018-05-10 04:50:00,65.02,60.0,4398.0,22.0
2018-05-10 04:51:00,65.02,60.0,4398.0,22.0
2018-05-10 04:52:00,65.02,60.0,4398.0,22.0
2018-05-10 04:53:00,65.02,60.0,4398.0,22.0
2018-05-10 04:54:00,65.02,60.0,4398.0,22.0
2018-05-10 04:55:00,65.02,60.0,4398.0,22.0
2018-05-10 04:56:00,65.02,60.0,4398.0,22.0
2018-05-10 04:57:00,65.02,60.0,4398.0,22.0
2018-05-10 04:58:00,65.02,60.0,4398.0,22.0
2018-05-10 04:59:00,64.86,60.0,4398.0,22.0
2018-05-10 05:00:00,64.86,60.0,4398.0,22.0
2018-05-10 05:01:00,64.86,60.0,4398.0,22.0
2018-05-10 05:02:00,64.86,60.0,4398.0,22.0
2018-05-10 05:03:00,64.86,60.0,4398.0,22.0
2018-05-10 05:04:00,64.86,60.0,4398.0,22.0
2018-05-10 05:05:00,65.02,60.0,4398.0,22.0
2018-05-10 05:06:00,65.02,60.0,4398.0,22.0
2018-05-10 05:07:00,64.86,60.0,4398.0,22.0
2018-05-10 05:08:00,64.86,60.0,4404.0,22.0
2018-05-10 05:09:00,65.18,60.0,4404.0,22.0
2018-05-10 05:10:00,65.18,60.0,4404.0,22.0
2018-05-10 05:11:00,65.18,60.0,4404.0,22.0
2018-05-10 05:12:00,65.18,60.0,4410.0,22.0
2018-05-10 05:13:00,65.18,60.0,4410.0,22.0
2018-05-10 05:14:00,65.02,60.0,4416.0,21.0
2018-05-10 05:15:00,65.18,60.0,4422.0,21.0
2018-05-10 05:16:00,65.18,60.0,4434.0,21.0
2018-05-10 05:17:00,65.02,60.0,4457.0,21.0
2018-05-10 05:18:00,65.02,60.0,4492.0,22.0
2018-05-10 05:19:00,65.02,60.0,4516.0,22.0
2018-05-10 05:20:00,65.02,60.0,4510.0,21.0
2018-05-10 05:21:00,64.86,60.0,4516.0,21.0
2018-05-10 05:22:00,65.02,60.0,4527.0,22.0
2018-05-10 05:23:00,64.86,60.0,4551.0,21.0
2018-05-10 05:24:00,65.02,60.0,4545.0,22.0
2018-05-10 05:25:00,65.02,60.0,4539.0,21.0
2018-05-10 05:26:00,65.02,60.0,4539.0,22.0
2018-05-10 05:27:00,65.02,60.0,4551.0,21.0
2018-05-10 05:28:00,65.02,60.0,4586.0,22.0
2018-05-10 05:29:00,65.18,60.0,3800.0,21.0
2018-05-10 05:30:00,65.02,60.0,3912.0,21.0
2018-05-10 05:31:00,64.86,60.0,4316.0,22.0
2018-05-10 05:32:00,65.02,60.0,4832.0,22.0
2018-05-10 05:33:00,65.02,60.0,4891.0,21.0
2018-05-10 05:34:00,65.02,60.0,5020.0,21.0
2018-05-10 05:35:00,65.02,60.0,4633.0,21.0
2018-05-10 05:36:00,65.18,60.0,5002.0,21.0
2018-05-10 05:37:00,65.02,60.0,4744.0,21.0
2018-05-10 05:38:00,65.02,60.0,4498.0,21.0
2018-05-10 05:39:00,65.02,60.0,4920.0,21.0
2018-05-10 05:40:00,65.02,60.0,5290.0,21.0
2018-05-10 05:41:00,64.86,60.0,5554.0,21.0
2018-05-10 05:42:00,65.02,60.0,5618.0,21.0
2018-05-10 05:43:00,65.02,60.0,5642.0,21.0
2018-05-10 05:44:00,65.02,60.0,5665.0,21.0
2018-05-10 05:45:00,64.86,60.0,5677.0,22.0
2018-05-10 05:46:00,64.86,60.0,5683.0,22.0
2018-05-10 05:47:00,64.86,60.0,5695.0,22.0
2018-05-10 05:48:00,64.86,60.0,5700.0,22.0
2018-05-10 05:49:00,65.34,60.0,5706.0,22.0
2018-05-10 05:50:00,65.02,60.0,5712.0,22.0
2018-05-10 05:51:00,65.18,60.0,5718.0,22.0
2018-05-10 05:52:00,65.02,60.0,5718.0,22.0
2018-05-10 05:53:00,65.02,60.0,5724.0,22.0
2018-05-10 05:54:00,65.02,60.0,5724.0,22.0
2018-05-10 05:55:00,65.02,60.0,5730.0,22.0
2018-05-10 05:56:00,65.18,60.0,5730.0,22.0
2018-05-10 05:57:00,65.02,60.0,5736.0,22.0
2018-05-10 05:58:00,65.18,60.0,5736.0,22.0
2018-05-10 05:59:00,65.02,60.0,5741.0,22.0
2018-05-10 06:00:00,65.02,60.0,5741.0,22.0
2018-05-10 06:01:00,65.02,61.0,5741.0,22.0
2018-05-10 06:02:00,65.02,61.0,5741.0,22.0
2018-05-10 06:03:00,65.02,61.0,5747.0,22.0
2018-05-10 06:04:00,64.86,61.0,5736.0,22.0
2018-05-10 06:05:00,64.86,61.0,5747.0,22.0
2018-05-10 06:06:00,64.86,61.0,5747.0,22.0
2018-05-10 06:07:00,64.86,61.0,5753.0,22.0
2018-05-10 06:08:00,64.86,61.0,5753.0,22.0
2018-05-10 06:09:00,64.86,61.0,5753.0,22.0
2018-05-10 06:10:00,65.02,61.0,5753.0,22.0
2018-05-10 06:11:00,65.02,61.0,5759.0,22.0
2018-05-10 06:12:00,64.86,61.0,5759.0,22.0
2018-05-10 06:13:00,64.86,61.0,5759.0,22.0
2018-05-10 06:14:00,64.86,61.0,5759.0,22.0
2018-05-10 06:15:00,64.86,61.0,5759.0,22.0
2018-05-10 06:16:00,64.86,61.0,5765.0,22.0
2018-05-10 06:17:00,64.86,61.0,5765.0,22.0
2018-05-10 06:18:00,64.86,61.0,5765.0,22.0
2018-05-10 06:19:00,64.86,61.0,5765.0,22.0
2018-05-10 06:20:00,64.86,61.0,5765.0,22.0
2018-05-10 06:21:00,64.86,61.0,5771.0,22.0
2018-05-10 06:22:00,64.86,61.0,5771.0,22.0
2018-05-10 06:23:00,64.86,61.0,5777.0,22.0
2018-05-10 06:24:00,64.86,61.0,5777.0,22.0
2018-05-10 06:25:00,64.86,61.0,5782.0,22.0
2018-05-10 06:26:00,64.86,61.0,5782.0,22.0
2018-05-10 06:27:00,64.86,61.0,5788.0,22.0
2018-05-10 06:28:00,64.86,61.0,5788.0,22.0
2018-05-10 06:29:00,64.86,61.0,5788.0,22.0
2018-05-10 06:30:00,64.86,61.0,5794.0,22.0
2018-05-10 06:31:00,64.86,61.0,5794.0,22.0
2018-05-10 06:32:00,64.86,61.0,5794.0,22.0
2018-05-10 06:33:00,64.86,61.0,5800.0,22.0
2018-05-10 06:34:00,64.86,61.0,5800.0,22.0
2018-05-10 06:35:00,64.86,61.0,5800.0,22.0
2018-05-10 06:36:00,64.86,61.0,5806.0,22.0
2018-05-10 06:37:00,64.86,61.0,5806.0,22.0
2018-05-10 06:38:00,64.86,61.0,5806.0,22.0
2018-05-10 06:39:00,64.86,61.0,5812.0,22.0
2018-05-10 06:40:00,64.86,61.0,5812.0,22.0
2018-05-10 06:41:00,65.02,61.0,5812.0,22.0
2018-05-10 06:42:00,64.86,60.0,5812.0,23.0
2018-05-10 06:43:00,64.86,60.0,5812.0,23.0
2018-05-10 06:44:00,64.86,60.0,5818.0,23.0
2018-05-10 06:45:00,64.86,60.0,5818.0,23.0
2018-05-10 06:46:00,65.02,60.0,5818.0,23.0
2018-05-10 06:47:00,65.02,60.0,5818.0,23.0
2018-05-10 06:48:00,65.02,60.0,5818.0,23.0
2018-05-10 06:49:00,65.02,60.0,5818.0,23.0
2018-05-10 06:50:00,64.86,60.0,5818.0,23.0
2018-05-10 06:51:00,65.02,60.0,5818.0,23.0
2018-05-10 06:52:00,65.02,60.0,5818.0,23.0
2018-05-10 06:53:00,64.86,60.0,5818.0,23.0
2018-05-10 06:54:00,64.86,60.0,5824.0,23.0
2018-05-10 06:55:00,64.86,59.0,5824.0,23.0
2018-05-10 06:56:00,64.86,59.0,5824.0,23.0
2018-05-10 06:57:00,64.86,59.0,5824.0,23.0
2018-05-10 06:58:00,64.86,59.0,5824.0,23.0
2018-05-10 06:59:00,64.86,59.0,5829.0,24.0
2018-05-10 07:00:00,64.86,59.0,5829.0,24.0
2018-05-10 07:01:00,64.86,59.0,5829.0,24.0
2018-05-10 07:02:00,64.86,59.0,5829.0,24.0
2018-05-10 07:03:00,64.86,59.0,5829.0,24.0
2018-05-10 07:04:00,64.86,59.0,5829.0,24.0
2018-05-10 07:05:00,64.86,59.0,5829.0,24.0
2018-05-10 07:06:00,64.86,59.0,5829.0,24.0
2018-05-10 07:07:00,65.02,59.0,5829.0,24.0
2018-05-10 07:08:00,64.86,58.0,5829.0,24.0
2018-05-10 07:09:00,64.86,58.0,5829.0,24.0
2018-05-10 07:10:00,64.86,58.0,5835.0,24.0
2018-05-10 07:11:00,64.86,58.0,5835.0,24.0
2018-05-10 07:12:00,64.86,58.0,5835.0,24.0
2018-05-10 07:13:00,64.86,58.0,5835.0,24.0
2018-05-10 07:14:00,65.02,58.0,5835.0,24.0
2018-05-10 07:15:00,64.86,57.0,5835.0,24.0
2018-05-10 07:16:00,64.86,57.0,5835.0,24.0
2018-05-10 07:17:00,64.86,57.0,5835.0,24.0
2018-05-10 07:18:00,64.86,57.0,5835.0,24.0
2018-05-10 07:19:00,64.86,57.0,5835.0,24.0
2018-05-10 07:20:00,64.86,56.0,5835.0,24.0
2018-05-10 07:21:00,64.86,56.0,5835.0,24.0
2018-05-10 07:22:00,64.86,56.0,5835.0,24.0
2018-05-10 07:23:00,65.02,56.0,5835.0,24.0
2018-05-10 07:24:00,65.02,56.0,5835.0,24.0
2018-05-10 07:25:00,64.86,55.0,5835.0,24.0
2018-05-10 07:26:00,65.02,55.0,5835.0,24.0
2018-05-10 07:27:00,65.02,55.0,5841.0,24.0
2018-05-10 07:28:00,65.02,54.0,5841.0,24.0
2018-05-10 07:29:00,65.02,55.0,5841.0,24.0
2018-05-10 07:30:00,65.02,54.0,5841.0,24.0
2018-05-10 07:31:00,65.02,54.0,5841.0,24.0
2018-05-10 07:32:00,65.02,53.0,5847.0,24.0
2018-05-10 07:33:00,65.02,52.0,5847.0,24.0
2018-05-10 07:34:00,65.18,50.0,5847.0,24.0
2018-05-10 07:35:00,65.18,50.0,5847.0,24.0
2018-05-10 07:36:00,65.18,49.0,5847.0,24.0
2018-05-10 07:37:00,65.18,48.0,5847.0,24.0
2018-05-10 07:38:00,65.18,48.0,5847.0,24.0
2018-05-10 07:39:00,65.66,48.0,5847.0,24.0
2018-05-10 07:40:00,65.18,48.0,5847.0,24.0
2018-05-10 07:41:00,65.18,48.0,5853.0,24.0
2018-05-10 07:42:00,65.18,48.0,5853.0,24.0
2018-05-10 07:43:00,65.34,48.0,5853.0,24.0
2018-05-10 07:44:00,65.34,48.0,5859.0,24.0
2018-05-10 07:45:00,65.34,48.0,5859.0,24.0
2018-05-10 07:46:00,65.34,47.0,5859.0,25.0
2018-05-10 07:47:00,65.18,47.0,5859.0,25.0
2018-05-10 07:48:00,65.18,47.0,5859.0,25.0
2018-05-10 07:49:00,65.18,46.0,5859.0,25.0
2018-05-10 07:50:00,65.18,46.0,5859.0,25.0
2018-05-10 07:51:00,65.34,46.0,5865.0,25.0
2018-05-10 07:52:00,65.18,46.0,5859.0,25.0
2018-05-10 07:53:00,65.34,45.0,5859.0,25.0
2018-05-10 07:54:00,65.34,45.0,5859.0,25.0
2018-05-10 07:55:00,65.34,45.0,5865.0,25.0
2018-05-10 07:56:00,65.34,44.0,5865.0,25.0
2018-05-10 07:57:00,65.5,44.0,5865.0,25.0
2018-05-10 07:58:00,65.5,43.0,5865.0,25.0
2018-05-10 07:59:00,65.5,43.0,5865.0,25.0
2018-05-10 08:00:00,65.5,43.0,5870.0,25.0
2018-05-10 08:01:00,65.34,41.0,5870.0,25.0
2018-05-10 08:02:00,65.34,41.0,5870.0,25.0
2018-05-10 08:03:00,65.34,41.0,5865.0,25.0
2018-05-10 08:04:00,65.18,42.0,5865.0,25.0
2018-05-10 08:05:00,65.18,41.0,5865.0,26.0
2018-05-10 08:06:00,65.18,41.0,5865.0,26.0
2018-05-10 08:07:00,65.18,40.0,5865.0,26.0
2018-05-10 08:08:00,65.02,39.0,5865.0,26.0
2018-05-10 08:09:00,65.18,39.0,5865.0,26.0
2018-05-10 08:10:00,65.18,39.0,5865.0,26.0
2018-05-10 08:11:00,65.34,39.0,5865.0,26.0
2018-05-10 08:12:00,65.18,38.0,5865.0,25.0
2018-05-10 08:13:00,65.18,38.0,5865.0,25.0
2018-05-10 08:14:00,65.18,38.0,5865.0,25.0
2018-05-10 08:15:00,65.18,38.0,5865.0,25.0
2018-05-10 08:16:00,65.34,38.0,5870.0,26.0
2018-05-10 08:17:00,65.5,38.0,5870.0,25.0
2018-05-10 08:18:00,65.5,38.0,5870.0,26.0
2018-05-10 08:19:00,65.34,38.0,5870.0,26.0
2018-05-10 08:20:00,65.5,38.0,5870.0,26.0
2018-05-10 08:21:00,65.5,38.0,5870.0,26.0
2018-05-10 08:22:00,65.34,38.0,5865.0,26.0
2018-05-10 08:23:00,65.34,38.0,5865.0,26.0
2018-05-10 08:24:00,65.34,38.0,5865.0,26.0
2018-05-10 08:25:00,65.34,38.0,5865.0,26.0
2018-05-10 08:26:00,65.34,38.0,5865.0,26.0
2018-05-10 08:27:00,65.34,38.0,5865.0,26.0
2018-05-10 08:28:00,65.18,36.0,5865.0,26.0
2018-05-10 08:29:00,65.34,36.0,5865.0,26.0
2018-05-10 08:30:00,65.18,36.0,5865.0,26.0
2018-05-10 08:31:00,65.98,36.0,5865.0,26.0
2018-05-10 08:32:00,65.98,36.0,5870.0,26.0
2018-05-10 08:33:00,66.46,37.0,5876.0,26.0
2018-05-10 08:34:00,66.46,37.0,5876.0,26.0
2018-05-10 08:35:00,66.46,36.0,5870.0,26.0
2018-05-10 08:36:00,66.62,36.0,5870.0,26.0
2018-05-10 08:37:00,66.46,36.0,5870.0,26.0
2018-05-10 08:38:00,66.3,36.0,5865.0,26.0
2018-05-10 08:39:00,66.14,36.0,5870.0,26.0
2018-05-10 08:40:00,66.3,36.0,5876.0,26.0
2018-05-10 08:41:00,65.82,36.0,5876.0,26.0
2018-05-10 08:42:00,65.82,35.0,5870.0,26.0
2018-05-10 08:43:00,65.82,35.0,5882.0,26.0
2018-05-10 08:44:00,65.82,35.0,5888.0,26.0
2018-05-10 08:45:00,65.82,35.0,5876.0,26.0
2018-05-10 08:46:00,65.66,34.0,5870.0,26.0
2018-05-10 08:47:00,65.66,33.0,5870.0,26.0
2018-05-10 08:48:00,65.66,33.0,5870.0,26.0
2018-05-10 08:49:00,65.5,33.0,5876.0,26.0
2018-05-10 08:50:00,65.5,33.0,5882.0,26.0
2018-05-10 08:51:00,65.5,33.0,5888.0,26.0
2018-05-10 08:52:00,65.5,33.0,5888.0,26.0
2018-05-10 08:53:00,65.34,32.0,5894.0,26.0
2018-05-10 08:54:00,65.34,32.0,5900.0,26.0
2018-05-10 08:55:00,65.5,31.0,5906.0,27.0
2018-05-10 08:56:00,65.34,31.0,5900.0,27.0
2018-05-10 08:57:00,65.18,30.0,5900.0,27.0
2018-05-10 08:58:00,65.34,29.0,5912.0,27.0
2018-05-10 08:59:00,65.18,28.0,5917.0,27.0
2018-05-10 09:00:00,65.34,28.0,5923.0,27.0
2018-05-10 09:01:00,65.18,27.0,5912.0,27.0
2018-05-10 09:02:00,65.02,28.0,5912.0,27.0
2018-05-10 09:03:00,65.18,25.0,5929.0,27.0
2018-05-10 09:04:00,65.18,25.0,5935.0,28.0
2018-05-10 09:05:00,65.02,25.0,5935.0,28.0
2018-05-10 09:06:00,65.02,25.0,5935.0,28.0
2018-05-10 09:07:00,65.02,24.0,5941.0,28.0
2018-05-10 09:08:00,65.02,24.0,5935.0,28.0
2018-05-10 09:09:00,65.02,25.0,5882.0,28.0
2018-05-10 09:10:00,65.02,24.0,5870.0,28.0
2018-05-10 09:11:00,65.02,24.0,5917.0,28.0
2018-05-10 09:12:00,65.02,24.0,5923.0,28.0
2018-05-10 09:13:00,65.02,24.0,5923.0,28.0
2018-05-10 09:14:00,65.02,24.0,5912.0,28.0
2018-05-10 09:15:00,64.86,24.0,5900.0,28.0
2018-05-10 09:16:00,64.86,23.0,5882.0,28.0
2018-05-10 09:17:00,65.02,23.0,5882.0,28.0
2018-05-10 09:18:00,64.86,22.0,5888.0,28.0
2018-05-10 09:19:00,64.86,23.0,5894.0,28.0
2018-05-10 09:20:00,64.86,22.0,5853.0,28.0
2018-05-10 09:21:00,64.86,21.0,5853.0,28.0
2018-05-10 09:22:00,65.02,21.0,5894.0,28.0
2018-05-10 09:23:00,65.02,21.0,5912.0,28.0
2018-05-10 09:24:00,64.86,19.0,5894.0,28.0
2018-05-10 09:25:00,64.86,21.0,5935.0,28.0
2018-05-10 09:26:00,64.86,19.0,5894.0,28.0
2018-05-10 09:27:00,64.86,19.0,5894.0,28.0
2018-05-10 09:28:00,64.86,19.0,5894.0,28.0
2018-05-10 09:29:00,65.02,19.0,5882.0,28.0
2018-05-10 09:30:00,64.86,19.0,5876.0,28.0
2018-05-10 09:31:00,64.86,19.0,5876.0,28.0
2018-05-10 09:32:00,64.86,20.0,5870.0,28.0
2018-05-10 09:33:00,64.86,20.0,5870.0,28.0
2018-05-10 09:34:00,64.86,20.0,5870.0,28.0
2018-05-10 09:35:00,64.86,19.0,5870.0,28.0
2018-05-10 09:36:00,64.86,19.0,5870.0,28.0
2018-05-10 09:37:00,64.86,19.0,5865.0,28.0
2018-05-10 09:38:00,64.86,19.0,5870.0,28.0
2018-05-10 09:39:00,64.86,19.0,5876.0,28.0
2018-05-10 09:40:00,65.02,19.0,5870.0,28.0
2018-05-10 09:41:00,64.86,19.0,5870.0,28.0
2018-05-10 09:42:00,64.86,19.0,5865.0,28.0
2018-05-10 09:43:00,64.86,19.0,5865.0,28.0
2018-05-10 09:44:00,65.02,19.0,5859.0,28.0
2018-05-10 09:45:00,64.86,19.0,5865.0,28.0
2018-05-10 09:46:00,64.86,19.0,5870.0,28.0
2018-05-10 09:47:00,64.86,19.0,5865.0,28.0
2018-05-10 09:48:00,64.86,19.0,5865.0,28.0
2018-05-10 09:49:00,64.86,19.0,5870.0,28.0
2018-05-10 09:50:00,64.86,19.0,5870.0,28.0
2018-05-10 09:51:00,64.86,19.0,5870.0,28.0
2018-05-10 09:52:00,64.86,19.0,5865.0,28.0
2018-05-10 09:53:00,64.86,19.0,5859.0,28.0
2018-05-10 09:54:00,64.86,19.0,5865.0,28.0
2018-05-10 09:55:00,64.86,19.0,5865.0,28.0
2018-05-10 09:56:00,64.86,19.0,5870.0,28.0
2018-05-10 09:57:00,64.86,19.0,5870.0,28.0
2018-05-10 09:58:00,64.86,19.0,5870.0,28.0
2018-05-10 09:59:00,64.86,19.0,5870.0,28.0
2018-05-10 10:00:00,64.7,19.0,5870.0,28.0
2018-05-10 10:01:00,64.7,19.0,5870.0,28.0
2018-05-10 10:02:00,64.86,18.0,5870.0,29.0
2018-05-10 10:03:00,64.7,18.0,5870.0,29.0
2018-05-10 10:04:00,64.7,18.0,5870.0,29.0
2018-05-10 10:05:00,64.7,18.0,5859.0,29.0
2018-05-10 10:06:00,64.86,18.0,5859.0,29.0
2018-05-10 10:07:00,64.86,18.0,5859.0,29.0
2018-05-10 10:08:00,64.86,19.0,5859.0,28.0
2018-05-10 10:09:00,64.7,19.0,5859.0,28.0
2018-05-10 10:10:00,64.86,19.0,5865.0,28.0
2018-05-10 10:11:00,64.86,19.0,5865.0,28.0
2018-05-10 10:12:00,64.86,19.0,5865.0,28.0
2018-05-10 10:13:00,64.86,19.0,5865.0,28.0
2018-05-10 10:14:00,64.86,19.0,5865.0,28.0
2018-05-10 10:15:00,65.02,19.0,5865.0,28.0
2018-05-10 10:16:00,64.86,19.0,5865.0,28.0
2018-05-10 10:17:00,64.86,19.0,5865.0,28.0
2018-05-10 10:18:00,64.86,19.0,5870.0,28.0
2018-05-10 10:19:00,64.86,19.0,5870.0,28.0
2018-05-10 10:20:00,64.86,19.0,5870.0,28.0
2018-05-10 10:21:00,65.18,19.0,5870.0,28.0
2018-05-10 10:22:00,64.86,19.0,5870.0,28.0
2018-05-10 10:23:00,64.86,19.0,5870.0,28.0
2018-05-10 10:24:00,64.86,19.0,5870.0,28.0
2018-05-10 10:25:00,64.86,19.0,5870.0,28.0
2018-05-10 10:26:00,64.86,19.0,5870.0,28.0
2018-05-10 10:27:00,64.86,19.0,5870.0,28.0
2018-05-10 10:28:00,64.86,19.0,5870.0,28.0
2018-05-10 10:29:00,64.86,19.0,5870.0,28.0
2018-05-10 10:30:00,64.86,19.0,5870.0,28.0
2018-05-10 10:31:00,64.86,19.0,5865.0,28.0
2018-05-10 10:32:00,65.02,19.0,5870.0,28.0
2018-05-10 10:33:00,64.86,19.0,5870.0,28.0
2018-05-10 10:34:00,64.86,19.0,5870.0,28.0
2018-05-10 10:35:00,65.02,19.0,5870.0,28.0
2018-05-10 10:36:00,65.02,19.0,5870.0,28.0
2018-05-10 10:37:00,64.86,19.0,5870.0,28.0
2018-05-10 10:38:00,64.86,19.0,5870.0,28.0
2018-05-10 10:39:00,64.86,19.0,5870.0,28.0
2018-05-10 10:40:00,64.86,19.0,5876.0,28.0
2018-05-10 10:41:00,64.86,19.0,5876.0,28.0
2018-05-10 10:42:00,64.86,19.0,5876.0,28.0
2018-05-10 10:43:00,64.86,18.0,5876.0,29.0
2018-05-10 10:44:00,64.7,18.0,5870.0,29.0
2018-05-10 10:45:00,64.86,18.0,5870.0,29.0
2018-05-10 10:46:00,64.86,19.0,5870.0,28.0
2018-05-10 10:47:00,64.86,19.0,5865.0,28.0
2018-05-10 10:48:00,64.86,19.0,5865.0,28.0
2018-05-10 10:49:00,64.86,19.0,5865.0,28.0
2018-05-10 10:50:00,65.02,19.0,5870.0,28.0
2018-05-10 10:51:00,64.86,19.0,5876.0,28.0
2018-05-10 10:52:00,64.86,19.0,5870.0,28.0
2018-05-10 10:53:00,64.86,18.0,5870.0,29.0
2018-05-10 10:54:00,64.7,18.0,5876.0,29.0
2018-05-10 10:55:00,64.7,18.0,5870.0,29.0
2018-05-10 10:56:00,64.7,18.0,5870.0,29.0
2018-05-10 10:57:00,64.7,18.0,5865.0,29.0
2018-05-10 10:58:00,64.7,18.0,5865.0,29.0
2018-05-10 10:59:00,64.54,19.0,5865.0,28.0
2018-05-10 11:00:00,64.54,19.0,5865.0,28.0
2018-05-10 11:01:00,64.54,19.0,5865.0,28.0
2018-05-10 11:02:00,64.54,19.0,5865.0,28.0
2018-05-10 11:03:00,64.7,19.0,5865.0,28.0
2018-05-10 11:04:00,64.54,19.0,5870.0,28.0
2018-05-10 11:05:00,64.54,19.0,5870.0,28.0
2018-05-10 11:06:00,64.54,19.0,5870.0,28.0
2018-05-10 11:07:00,64.54,18.0,5870.0,29.0
2018-05-10 11:08:00,64.54,19.0,5870.0,28.0
2018-05-10 11:09:00,64.54,19.0,5870.0,28.0
2018-05-10 11:10:00,64.54,19.0,5876.0,28.0
2018-05-10 11:11:00,64.54,19.0,5876.0,28.0
2018-05-10 11:12:00,64.54,19.0,5876.0,28.0
2018-05-10 11:13:00,64.54,19.0,5876.0,28.0
2018-05-10 11:14:00,64.54,19.0,5882.0,28.0
2018-05-10 11:15:00,64.54,18.0,5882.0,29.0
2018-05-10 11:16:00,64.37,18.0,5882.0,29.0
2018-05-10 11:17:00,64.37,18.0,5882.0,29.0
2018-05-10 11:18:00,64.37,18.0,5882.0,30.0
2018-05-10 11:19:00,64.54,18.0,5888.0,30.0
2018-05-10 11:20:00,64.37,18.0,5882.0,30.0
2018-05-10 11:21:00,64.37,18.0,5882.0,30.0
2018-05-10 11:22:00,64.37,18.0,5876.0,30.0
2018-05-10 11:23:00,64.37,18.0,5870.0,30.0
2018-05-10 11:24:00,64.37,18.0,5870.0,30.0
2018-05-10 11:25:00,64.37,18.0,5870.0,29.0
2018-05-10 11:26:00,64.21,18.0,5870.0,29.0
2018-05-10 11:27:00,64.37,18.0,5870.0,29.0
2018-05-10 11:28:00,64.37,18.0,5870.0,29.0
2018-05-10 11:29:00,64.37,18.0,5876.0,29.0
2018-05-10 11:30:00,64.37,18.0,5876.0,29.0
2018-05-10 11:31:00,64.37,18.0,5876.0,29.0
2018-05-10 11:32:00,64.37,18.0,5882.0,29.0
2018-05-10 11:33:00,64.37,18.0,5882.0,30.0
2018-05-10 11:34:00,64.37,18.0,5882.0,30.0
2018-05-10 11:35:00,64.21,18.0,5870.0,30.0
2018-05-10 11:36:00,64.37,18.0,5865.0,30.0
2018-05-10 11:37:00,64.37,18.0,5870.0,30.0
2018-05-10 11:38:00,64.37,18.0,5888.0,30.0
2018-05-10 11:39:00,64.37,18.0,5888.0,30.0
2018-05-10 11:40:00,64.21,18.0,5888.0,30.0
2018-05-10 11:41:00,64.21,18.0,5888.0,30.0
2018-05-10 11:42:00,64.21,17.0,5894.0,31.0
2018-05-10 11:43:00,64.21,17.0,5888.0,31.0
2018-05-10 11:44:00,64.21,17.0,5882.0,31.0
2018-05-10 11:45:00,64.21,17.0,5876.0,31.0
2018-05-10 11:46:00,64.21,18.0,5870.0,30.0
2018-05-10 11:47:00,64.21,18.0,5870.0,30.0
2018-05-10 11:48:00,64.21,18.0,5865.0,30.0
2018-05-10 11:49:00,64.21,18.0,5870.0,30.0
2018-05-10 11:50:00,64.21,18.0,5870.0,30.0
2018-05-10 11:51:00,64.21,18.0,5870.0,30.0
2018-05-10 11:52:00,64.21,18.0,5870.0,30.0
2018-05-10 11:53:00,64.21,18.0,5870.0,30.0
2018-05-10 11:54:00,64.05,18.0,5876.0,30.0
2018-05-10 11:55:00,64.21,18.0,5876.0,30.0
2018-05-10 11:56:00,64.05,18.0,5882.0,30.0
2018-05-10 11:57:00,64.05,18.0,5876.0,30.0
2018-05-10 11:58:00,64.21,18.0,5870.0,30.0
2018-05-10 11:59:00,64.05,18.0,5882.0,30.0
2018-05-10 12:00:00,64.05,18.0,5876.0,30.0
2018-05-10 12:01:00,64.05,18.0,5882.0,30.0
2018-05-10 12:02:00,63.89,18.0,5876.0,30.0
2018-05-10 12:03:00,63.89,18.0,5870.0,30.0
2018-05-10 12:04:00,63.89,18.0,5870.0,30.0
2018-05-10 12:05:00,64.05,18.0,5865.0,30.0
2018-05-10 12:06:00,63.89,18.0,5865.0,30.0
2018-05-10 12:07:00,63.89,18.0,5870.0,30.0
2018-05-10 12:08:00,63.89,18.0,5876.0,30.0
2018-05-10 12:09:00,63.89,18.0,5876.0,30.0
2018-05-10 12:10:00,63.89,18.0,5876.0,30.0
2018-05-10 12:11:00,63.89,18.0,5876.0,30.0
2018-05-10 12:12:00,63.73,18.0,5876.0,30.0
2018-05-10 12:13:00,63.73,18.0,5870.0,30.0
2018-05-10 12:14:00,63.89,18.0,5870.0,29.0
2018-05-10 12:15:00,63.89,18.0,5876.0,29.0
2018-05-10 12:16:00,63.73,18.0,5876.0,30.0
2018-05-10 12:17:00,63.89,18.0,5882.0,30.0
2018-05-10 12:18:00,63.89,18.0,5876.0,30.0
2018-05-10 12:19:00,63.89,18.0,5870.0,30.0
2018-05-10 12:20:00,63.89,18.0,5870.0,30.0
2018-05-10 12:21:00,63.89,18.0,5870.0,29.0
2018-05-10 12:22:00,63.89,18.0,5870.0,29.0
2018-05-10 12:23:00,63.89,18.0,5888.0,29.0
2018-05-10 12:24:00,63.89,18.0,5912.0,29.0
2018-05-10 12:25:00,63.89,18.0,5917.0,30.0
2018-05-10 12:26:00,63.89,18.0,5882.0,30.0
2018-05-10 12:27:00,63.89,18.0,5894.0,30.0
2018-05-10 12:28:00,63.89,18.0,5912.0,30.0
2018-05-10 12:29:00,63.89,18.0,5923.0,30.0
2018-05-10 12:30:00,63.89,17.0,5906.0,31.0
2018-05-10 12:31:00,63.89,17.0,5917.0,31.0
2018-05-10 12:32:00,63.73,17.0,5912.0,31.0
2018-05-10 12:33:00,63.73,17.0,5876.0,31.0
2018-05-10 12:34:00,63.89,17.0,5870.0,31.0
2018-05-10 12:35:00,63.89,18.0,5870.0,30.0
2018-05-10 12:36:00,63.89,18.0,5870.0,30.0
2018-05-10 12:37:00,63.89,18.0,5870.0,30.0
2018-05-10 12:38:00,63.73,18.0,5876.0,29.0
2018-05-10 12:39:00,63.73,18.0,5900.0,30.0
2018-05-10 12:40:00,63.73,18.0,5894.0,30.0
2018-05-10 12:41:00,63.73,18.0,5888.0,30.0
2018-05-10 12:42:00,63.57,18.0,5882.0,30.0
2018-05-10 12:43:00,63.57,18.0,5876.0,30.0
2018-05-10 12:44:00,63.57,18.0,5876.0,30.0
2018-05-10 12:45:00,63.73,18.0,5876.0,30.0
2018-05-10 12:46:00,63.57,18.0,5882.0,30.0
2018-05-10 12:47:00,63.57,18.0,5882.0,30.0
2018-05-10 12:48:00,63.41,18.0,5882.0,30.0
2018-05-10 12:49:00,63.57,18.0,5888.0,30.0
2018-05-10 12:50:00,63.41,18.0,5888.0,30.0
2018-05-10 12:51:00,63.41,17.0,5888.0,31.0
2018-05-10 12:52:00,63.41,17.0,5888.0,31.0
2018-05-10 12:53:00,63.41,18.0,5888.0,30.0
2018-05-10 12:54:00,63.41,17.0,5888.0,31.0
2018-05-10 12:55:00,63.41,17.0,5882.0,31.0
2018-05-10 12:56:00,63.41,18.0,5882.0,30.0
2018-05-10 12:57:00,63.41,18.0,5882.0,30.0
2018-05-10 12:58:00,63.41,17.0,5876.0,31.0
2018-05-10 12:59:00,63.41,17.0,5876.0,31.0
2018-05-10 13:00:00,63.41,18.0,5882.0,30.0
2018-05-10 13:01:00,63.25,17.0,5876.0,31.0
2018-05-10 13:02:00,63.41,17.0,5876.0,31.0
2018-05-10 13:03:00,63.41,18.0,5876.0,30.0
2018-05-10 13:04:00,63.41,18.0,5870.0,30.0
2018-05-10 13:05:00,63.41,18.0,5870.0,30.0
2018-05-10 13:06:00,63.41,18.0,5870.0,30.0
2018-05-10 13:07:00,63.41,18.0,5870.0,30.0
2018-05-10 13:08:00,63.25,16.0,5900.0,33.0
2018-05-10 13:09:00,63.25,16.0,5900.0,34.0
2018-05-10 13:10:00,63.09,16.0,5900.0,34.0
2018-05-10 13:11:00,63.09,16.0,5900.0,34.0
2018-05-10 13:12:00,63.09,15.0,5906.0,35.0
2018-05-10 13:13:00,63.09,15.0,5923.0,35.0
2018-05-10 13:14:00,63.09,15.0,5917.0,35.0
2018-05-10 13:15:00,63.09,15.0,5923.0,35.0
2018-05-10 13:16:00,63.09,15.0,5923.0,35.0
2018-05-10 13:17:00,63.25,15.0,5923.0,35.0
2018-05-10 13:18:00,63.09,16.0,5923.0,34.0
2018-05-10 13:19:00,63.09,16.0,5923.0,34.0
2018-05-10 13:20:00,63.09,16.0,5923.0,34.0
2018-05-10 13:21:00,63.09,16.0,5923.0,34.0
2018-05-10 13:22:00,63.09,16.0,5888.0,34.0
2018-05-10 13:23:00,63.25,16.0,5888.0,33.0
2018-05-10 13:24:00,63.09,16.0,5882.0,33.0
2018-05-10 13:25:00,63.09,17.0,5900.0,32.0
2018-05-10 13:26:00,63.09,16.0,5900.0,33.0
2018-05-10 13:27:00,63.25,16.0,5894.0,33.0
2018-05-10 13:28:00,63.09,16.0,5894.0,33.0
2018-05-10 13:29:00,63.09,16.0,5900.0,33.0
2018-05-10 13:30:00,63.09,16.0,5894.0,33.0
2018-05-10 13:31:00,63.09,17.0,5894.0,32.0
2018-05-10 13:32:00,63.09,17.0,5894.0,32.0
2018-05-10 13:33:00,62.93,17.0,5900.0,32.0
2018-05-10 13:34:00,62.93,17.0,5900.0,32.0
2018-05-10 13:35:00,62.93,17.0,5870.0,32.0
2018-05-10 13:36:00,63.09,17.0,5865.0,32.0
2018-05-10 13:37:00,63.09,17.0,5870.0,31.0
2018-05-10 13:38:00,63.25,17.0,5888.0,31.0
2018-05-10 13:39:00,63.09,17.0,5894.0,31.0
2018-05-10 13:40:00,62.93,17.0,5894.0,31.0
2018-05-10 13:41:00,62.93,17.0,5894.0,31.0
2018-05-10 13:42:00,62.93,17.0,5894.0,31.0
2018-05-10 13:43:00,62.77,17.0,5900.0,31.0
2018-05-10 13:44:00,62.77,17.0,5900.0,31.0
2018-05-10 13:45:00,62.77,17.0,5900.0,32.0
2018-05-10 13:46:00,62.77,17.0,5894.0,31.0
2018-05-10 13:47:00,62.77,17.0,5894.0,31.0
2018-05-10 13:48:00,62.61,17.0,5900.0,31.0
2018-05-10 13:49:00,62.61,17.0,5894.0,31.0
2018-05-10 13:50:00,62.61,17.0,5882.0,31.0
2018-05-10 13:51:00,62.77,17.0,5894.0,31.0
2018-05-10 13:52:00,62.77,17.0,5894.0,31.0
2018-05-10 13:53:00,62.77,17.0,5894.0,31.0
2018-05-10 13:54:00,62.61,17.0,5894.0,31.0
2018-05-10 13:55:00,62.77,17.0,5882.0,31.0
2018-05-10 13:56:00,62.77,17.0,5882.0,31.0
2018-05-10 13:57:00,62.77,17.0,5888.0,31.0
2018-05-10 13:58:00,62.77,17.0,5882.0,31.0
2018-05-10 13:59:00,62.93,17.0,5900.0,31.0
2018-05-10 14:00:00,62.77,17.0,5882.0,31.0
2018-05-10 14:01:00,62.77,17.0,5870.0,31.0
2018-05-10 14:02:00,62.77,17.0,5865.0,31.0
2018-05-10 14:03:00,62.77,17.0,5865.0,31.0
2018-05-10 14:04:00,62.77,18.0,5859.0,30.0
2018-05-10 14:05:00,62.77,18.0,5853.0,30.0
2018-05-10 14:06:00,62.77,18.0,5853.0,30.0
2018-05-10 14:07:00,63.09,18.0,5853.0,30.0
2018-05-10 14:08:00,62.77,18.0,5859.0,30.0
2018-05-10 14:09:00,62.93,18.0,5865.0,30.0
2018-05-10 14:10:00,62.77,18.0,5870.0,30.0
2018-05-10 14:11:00,62.77,18.0,5865.0,30.0
2018-05-10 14:12:00,62.77,18.0,5865.0,30.0
2018-05-10 14:13:00,62.77,18.0,5870.0,30.0
2018-05-10 14:14:00,62.77,18.0,5865.0,30.0
2018-05-10 14:15:00,62.77,18.0,5859.0,30.0
2018-05-10 14:16:00,62.93,18.0,5853.0,30.0
2018-05-10 14:17:00,62.93,18.0,5853.0,30.0
2018-05-10 14:18:00,62.93,18.0,5853.0,30.0
2018-05-10 14:19:00,62.93,18.0,5847.0,30.0
2018-05-10 14:20:00,62.93,18.0,5847.0,29.0
2018-05-10 14:21:00,62.93,18.0,5847.0,29.0
2018-05-10 14:22:00,62.93,19.0,5853.0,28.0
2018-05-10 14:23:00,62.93,19.0,5853.0,28.0
2018-05-10 14:24:00,62.93,19.0,5853.0,28.0
2018-05-10 14:25:00,62.93,19.0,5853.0,28.0
2018-05-10 14:26:00,63.09,19.0,5853.0,28.0
2018-05-10 14:27:00,62.93,19.0,5853.0,28.0
2018-05-10 14:28:00,62.77,19.0,5859.0,28.0
2018-05-10 14:29:00,65.34,19.0,5859.0,28.0
2018-05-10 14:30:00,65.34,19.0,5859.0,28.0
2018-05-10 14:31:00,65.34,19.0,5859.0,28.0
2018-05-10 14:32:00,65.34,19.0,5865.0,28.0
2018-05-10 14:33:00,65.5,18.0,5870.0,29.0
2018-05-10 14:34:00,65.34,18.0,5870.0,29.0
2018-05-10 14:35:00,65.34,18.0,5859.0,29.0
2018-05-10 14:36:00,65.34,18.0,5859.0,29.0
