,HORA,HUMEDAD DE LA TIERRA,HUMEDAD RELATIVA,INTENSIDAD LUM√çNICA,TEMPERATURA
2018-05-09 10:25:00,10.0,60.2,59.0,5806.0,29.0
2018-05-09 10:26:00,10.0,60.04,58.0,5806.0,29.0
2018-05-09 10:27:00,10.0,59.72,58.0,5841.0,29.0
2018-05-09 10:28:00,10.0,59.72,58.0,5806.0,29.0
2018-05-09 10:29:00,10.0,59.4,57.0,5818.0,30.0
2018-05-09 10:30:00,10.0,59.24,56.0,5829.0,30.0
2018-05-09 10:31:00,10.0,59.08,55.0,5841.0,30.0
2018-05-09 10:32:00,10.0,59.08,54.0,5829.0,30.0
2018-05-09 10:33:00,10.0,59.08,54.0,5841.0,30.0
2018-05-09 10:34:00,10.0,58.92,54.0,5841.0,30.0
2018-05-09 10:35:00,10.0,58.92,53.0,5835.0,30.0
2018-05-09 10:36:00,10.0,58.92,51.0,5835.0,30.0
2018-05-09 10:37:00,10.0,58.76,49.0,5835.0,30.0
2018-05-09 10:38:00,10.0,58.76,47.0,5835.0,30.0
2018-05-09 10:39:00,10.0,58.44,47.0,5835.0,30.0
2018-05-09 10:40:00,10.0,58.44,44.0,5835.0,31.0
2018-05-09 10:41:00,10.0,58.44,44.0,5835.0,31.0
2018-05-09 10:42:00,10.0,58.28,43.0,5835.0,31.0
2018-05-09 10:43:00,10.0,58.28,42.0,5835.0,31.0
2018-05-09 10:44:00,10.0,58.28,42.0,5835.0,31.0
2018-05-09 10:45:00,10.0,58.12,43.0,5835.0,31.0
2018-05-09 10:46:00,10.0,57.95,43.0,5829.0,31.0
2018-05-09 10:47:00,10.0,57.95,43.0,5829.0,31.0
2018-05-09 10:48:00,10.0,57.95,43.0,5829.0,31.0
2018-05-09 10:49:00,10.0,57.95,42.0,5835.0,31.0
2018-05-09 10:50:00,10.0,57.95,42.0,5841.0,31.0
2018-05-09 10:51:00,10.0,57.95,42.0,5835.0,32.0
2018-05-09 10:52:00,10.0,57.95,42.0,5835.0,32.0
2018-05-09 10:53:00,10.0,57.79,43.0,5835.0,32.0
2018-05-09 10:54:00,10.0,57.79,43.0,5835.0,32.0
2018-05-09 10:55:00,10.0,57.63,43.0,5841.0,32.0
2018-05-09 10:56:00,10.0,57.63,43.0,5841.0,32.0
2018-05-09 10:57:00,10.0,57.79,42.0,5818.0,32.0
2018-05-09 10:58:00,10.0,57.95,41.0,5818.0,32.0
2018-05-09 10:59:00,10.0,57.95,40.0,5818.0,32.0
2018-05-09 11:00:00,11.0,57.95,39.0,5818.0,32.0
2018-05-09 11:01:00,11.0,58.12,40.0,5818.0,32.0
2018-05-09 11:02:00,11.0,58.12,39.0,5818.0,31.0
2018-05-09 11:03:00,11.0,57.95,36.0,5824.0,31.0
2018-05-09 11:04:00,11.0,58.28,36.0,5824.0,32.0
2018-05-09 11:05:00,11.0,58.12,36.0,5818.0,32.0
2018-05-09 11:06:00,11.0,58.12,36.0,5818.0,31.0
2018-05-09 11:07:00,11.0,58.28,36.0,5818.0,31.0
2018-05-09 11:08:00,11.0,58.12,36.0,5818.0,31.0
2018-05-09 11:09:00,11.0,58.28,36.0,5818.0,31.0
2018-05-09 11:10:00,11.0,58.28,36.0,5824.0,31.0
2018-05-09 11:11:00,11.0,58.6,36.0,5824.0,31.0
2018-05-09 11:12:00,11.0,58.28,35.0,5824.0,31.0
2018-05-09 11:13:00,11.0,58.12,36.0,5818.0,31.0
2018-05-09 11:14:00,11.0,58.12,36.0,5812.0,32.0
2018-05-09 11:15:00,11.0,58.28,36.0,5812.0,32.0
2018-05-09 11:16:00,11.0,58.44,36.0,5812.0,31.0
2018-05-09 11:17:00,11.0,58.6,36.0,5812.0,31.0
2018-05-09 11:18:00,11.0,58.44,36.0,5806.0,31.0
2018-05-09 11:19:00,11.0,58.28,35.0,5806.0,31.0
2018-05-09 11:20:00,11.0,58.12,35.0,5806.0,31.0
2018-05-09 11:21:00,11.0,57.95,34.0,5806.0,31.0
2018-05-09 11:22:00,11.0,57.95,34.0,5806.0,31.0
2018-05-09 11:23:00,11.0,58.12,36.0,5812.0,31.0
2018-05-09 11:24:00,11.0,58.44,36.0,5812.0,31.0
2018-05-09 11:25:00,11.0,58.28,36.0,5812.0,31.0
2018-05-09 11:26:00,11.0,58.6,35.0,5812.0,31.0
2018-05-09 11:27:00,11.0,58.6,35.0,5812.0,31.0
2018-05-09 11:28:00,11.0,58.76,35.0,5812.0,31.0
2018-05-09 11:29:00,11.0,59.4,36.0,5812.0,31.0
2018-05-09 11:30:00,11.0,59.4,36.0,5812.0,31.0
2018-05-09 11:31:00,11.0,59.4,35.0,5812.0,31.0
2018-05-09 11:32:00,11.0,59.72,35.0,5812.0,31.0
2018-05-09 11:33:00,11.0,59.72,34.0,5812.0,31.0
2018-05-09 11:34:00,11.0,60.36,35.0,5812.0,31.0
2018-05-09 11:35:00,11.0,60.68,35.0,5812.0,31.0
2018-05-09 11:36:00,11.0,60.52,35.0,5812.0,31.0
2018-05-09 11:37:00,11.0,60.52,35.0,5812.0,31.0
2018-05-09 11:38:00,11.0,60.52,36.0,5818.0,31.0
2018-05-09 11:39:00,11.0,60.52,36.0,5818.0,31.0
2018-05-09 11:40:00,11.0,60.36,39.0,5818.0,31.0
2018-05-09 11:41:00,11.0,60.52,42.0,5818.0,30.0
2018-05-09 11:42:00,11.0,60.68,43.0,5818.0,30.0
2018-05-09 11:43:00,11.0,60.84,43.0,5818.0,30.0
2018-05-09 11:44:00,11.0,60.84,44.0,5818.0,30.0
2018-05-09 11:45:00,11.0,60.84,45.0,5818.0,30.0
2018-05-09 11:46:00,11.0,61.0,45.0,5824.0,30.0
2018-05-09 11:47:00,11.0,61.16,45.0,5824.0,30.0
2018-05-09 11:48:00,11.0,61.16,45.0,5824.0,30.0
2018-05-09 11:49:00,11.0,61.33,46.0,5841.0,30.0
2018-05-09 11:50:00,11.0,61.33,46.0,5841.0,30.0
2018-05-09 11:51:00,11.0,61.33,46.0,5835.0,30.0
2018-05-09 11:52:00,11.0,61.49,46.0,5829.0,30.0
2018-05-09 11:53:00,11.0,61.33,45.0,5824.0,30.0
2018-05-09 11:54:00,11.0,61.49,45.0,5824.0,30.0
2018-05-09 11:55:00,11.0,61.49,46.0,5818.0,30.0
2018-05-09 11:56:00,11.0,61.49,46.0,5818.0,30.0
2018-05-09 11:57:00,11.0,61.97,46.0,5824.0,30.0
2018-05-09 11:58:00,11.0,61.97,46.0,5824.0,30.0
2018-05-09 11:59:00,11.0,61.97,46.0,5835.0,30.0
2018-05-09 12:00:00,12.0,62.13,46.0,5841.0,30.0
2018-05-09 12:01:00,12.0,62.29,46.0,5841.0,30.0
2018-05-09 12:02:00,12.0,62.45,45.0,5841.0,31.0
2018-05-09 12:03:00,12.0,62.61,45.0,5847.0,31.0
2018-05-09 12:04:00,12.0,62.61,45.0,5835.0,31.0
2018-05-09 12:05:00,12.0,62.61,45.0,5829.0,31.0
2018-05-09 12:06:00,12.0,62.61,45.0,5829.0,31.0
2018-05-09 12:07:00,12.0,62.77,45.0,5824.0,30.0
2018-05-09 12:08:00,12.0,62.77,45.0,5829.0,30.0
2018-05-09 12:09:00,12.0,62.93,46.0,5835.0,30.0
2018-05-09 12:10:00,12.0,62.93,46.0,5835.0,30.0
2018-05-09 12:11:00,12.0,63.25,46.0,5835.0,30.0
2018-05-09 12:12:00,12.0,63.09,46.0,5841.0,30.0
2018-05-09 12:13:00,12.0,63.41,46.0,5853.0,30.0
2018-05-09 12:14:00,12.0,63.41,45.0,5865.0,31.0
2018-05-09 12:15:00,12.0,63.41,45.0,5853.0,31.0
2018-05-09 12:16:00,12.0,63.41,45.0,5859.0,32.0
2018-05-09 12:17:00,12.0,63.57,45.0,5835.0,32.0
2018-05-09 12:18:00,12.0,63.73,45.0,5847.0,32.0
2018-05-09 12:19:00,12.0,63.89,44.0,5859.0,32.0
2018-05-09 12:20:00,12.0,63.89,44.0,5847.0,32.0
2018-05-09 12:21:00,12.0,64.05,44.0,5847.0,32.0
2018-05-09 12:22:00,12.0,64.21,44.0,5829.0,32.0
2018-05-09 12:23:00,12.0,64.05,44.0,5835.0,31.0
2018-05-09 12:24:00,12.0,64.21,44.0,5865.0,31.0
2018-05-09 12:25:00,12.0,64.37,44.0,5859.0,32.0
2018-05-09 12:26:00,12.0,64.54,44.0,5859.0,32.0
2018-05-09 12:27:00,12.0,64.7,44.0,5859.0,32.0
2018-05-09 12:28:00,12.0,64.7,44.0,5859.0,32.0
2018-05-09 12:29:00,12.0,64.7,44.0,5859.0,32.0
2018-05-09 12:30:00,12.0,65.02,44.0,5859.0,32.0
2018-05-09 12:31:00,12.0,64.86,44.0,5859.0,32.0
2018-05-09 12:32:00,12.0,64.86,44.0,5847.0,32.0
2018-05-09 12:33:00,12.0,64.86,43.0,5847.0,32.0
2018-05-09 12:34:00,12.0,64.86,43.0,5853.0,32.0
2018-05-09 12:35:00,12.0,65.02,43.0,5859.0,32.0
2018-05-09 12:36:00,12.0,65.02,43.0,5859.0,32.0
2018-05-09 12:37:00,12.0,65.18,43.0,5859.0,32.0
2018-05-09 12:38:00,12.0,65.18,43.0,5859.0,32.0
2018-05-09 12:39:00,12.0,65.34,43.0,5853.0,32.0
2018-05-09 12:40:00,12.0,65.5,43.0,5859.0,32.0
2018-05-09 12:41:00,12.0,65.34,43.0,5835.0,32.0
2018-05-09 12:42:00,12.0,65.5,43.0,5847.0,32.0
2018-05-09 12:43:00,12.0,65.66,43.0,5829.0,32.0
2018-05-09 12:44:00,12.0,65.98,43.0,5859.0,32.0
2018-05-09 12:45:00,12.0,65.82,43.0,5853.0,32.0
2018-05-09 12:46:00,12.0,66.14,43.0,5853.0,32.0
2018-05-09 12:47:00,12.0,66.14,43.0,5853.0,32.0
2018-05-09 12:48:00,12.0,66.62,43.0,5859.0,32.0
2018-05-09 12:49:00,12.0,66.14,43.0,5859.0,32.0
2018-05-09 12:50:00,12.0,66.14,43.0,5859.0,32.0
2018-05-09 12:51:00,12.0,66.3,42.0,5859.0,32.0
2018-05-09 12:52:00,12.0,66.78,42.0,5859.0,32.0
2018-05-09 12:53:00,12.0,66.62,43.0,5853.0,32.0
2018-05-09 12:54:00,12.0,66.78,43.0,5853.0,32.0
2018-05-09 12:55:00,12.0,66.78,42.0,5824.0,32.0
2018-05-09 12:56:00,12.0,66.78,42.0,5847.0,32.0
2018-05-09 12:57:00,12.0,66.94,42.0,5859.0,32.0
2018-05-09 12:58:00,12.0,67.1,42.0,5859.0,32.0
2018-05-09 12:59:00,12.0,67.1,43.0,5859.0,32.0
2018-05-09 13:00:00,13.0,67.26,42.0,5812.0,32.0
2018-05-09 13:01:00,13.0,67.42,42.0,5824.0,32.0
2018-05-09 13:02:00,13.0,67.42,42.0,5824.0,32.0
2018-05-09 13:03:00,13.0,67.42,42.0,5818.0,32.0
2018-05-09 13:04:00,13.0,67.75,42.0,5806.0,31.0
2018-05-09 13:05:00,13.0,67.75,42.0,5806.0,31.0
2018-05-09 13:06:00,13.0,67.75,42.0,5806.0,31.0
2018-05-09 13:07:00,13.0,67.91,42.0,5824.0,31.0
2018-05-09 13:08:00,13.0,68.07,42.0,5835.0,31.0
2018-05-09 13:09:00,13.0,68.23,43.0,5859.0,31.0
2018-05-09 13:10:00,13.0,68.23,43.0,5859.0,32.0
2018-05-09 13:11:00,13.0,68.39,42.0,5824.0,32.0
2018-05-09 13:12:00,13.0,68.23,42.0,5835.0,32.0
2018-05-09 13:13:00,13.0,68.39,42.0,5806.0,32.0
2018-05-09 13:14:00,13.0,68.55,42.0,5800.0,32.0
2018-05-09 13:15:00,13.0,68.55,42.0,5800.0,31.0
2018-05-09 13:16:00,13.0,68.71,42.0,5806.0,31.0
2018-05-09 13:17:00,13.0,68.87,42.0,5800.0,31.0
2018-05-09 13:18:00,13.0,68.87,42.0,5800.0,31.0
2018-05-09 13:19:00,13.0,68.87,43.0,5800.0,30.0
2018-05-09 13:20:00,13.0,69.03,43.0,5812.0,30.0
2018-05-09 13:21:00,13.0,69.03,44.0,5835.0,30.0
2018-05-09 13:22:00,13.0,69.03,43.0,5847.0,31.0
2018-05-09 13:23:00,13.0,69.03,43.0,5829.0,31.0
2018-05-09 13:24:00,13.0,69.03,43.0,5829.0,31.0
2018-05-09 13:25:00,13.0,69.03,43.0,5835.0,31.0
2018-05-09 13:26:00,13.0,69.03,43.0,5812.0,32.0
2018-05-09 13:27:00,13.0,69.19,43.0,5806.0,32.0
2018-05-09 13:28:00,13.0,69.35,42.0,5800.0,31.0
2018-05-09 13:29:00,13.0,69.35,42.0,5794.0,31.0
2018-05-09 13:30:00,13.0,69.35,43.0,5794.0,31.0
2018-05-09 13:31:00,13.0,69.35,44.0,5794.0,30.0
2018-05-09 13:32:00,13.0,69.35,44.0,5794.0,30.0
2018-05-09 13:33:00,13.0,69.35,44.0,5794.0,30.0
2018-05-09 13:34:00,13.0,69.19,44.0,5794.0,30.0
2018-05-09 13:35:00,13.0,68.71,44.0,5788.0,30.0
2018-05-09 13:36:00,13.0,68.55,44.0,5788.0,30.0
2018-05-09 13:37:00,13.0,68.55,44.0,5788.0,30.0
2018-05-09 13:38:00,13.0,68.55,44.0,5788.0,30.0
2018-05-09 13:39:00,13.0,68.39,44.0,5788.0,30.0
2018-05-09 13:40:00,13.0,68.39,44.0,5788.0,30.0
2018-05-09 13:41:00,13.0,68.39,44.0,5788.0,30.0
2018-05-09 13:42:00,13.0,68.23,44.0,5788.0,30.0
2018-05-09 13:43:00,13.0,68.23,44.0,5788.0,30.0
2018-05-09 13:44:00,13.0,68.07,44.0,5788.0,30.0
2018-05-09 13:45:00,13.0,68.07,44.0,5788.0,30.0
2018-05-09 13:46:00,13.0,68.07,44.0,5788.0,30.0
2018-05-09 13:47:00,13.0,68.07,44.0,5788.0,30.0
2018-05-09 13:48:00,13.0,67.91,45.0,5782.0,30.0
2018-05-09 13:49:00,13.0,67.91,45.0,5782.0,30.0
2018-05-09 13:50:00,13.0,67.91,45.0,5782.0,30.0
2018-05-09 13:51:00,13.0,67.91,44.0,5782.0,30.0
2018-05-09 13:52:00,13.0,67.75,45.0,5777.0,30.0
2018-05-09 13:53:00,13.0,67.75,45.0,5777.0,30.0
2018-05-09 13:54:00,13.0,67.75,45.0,5782.0,30.0
2018-05-09 13:55:00,13.0,67.75,45.0,5782.0,30.0
2018-05-09 13:56:00,13.0,67.91,45.0,5782.0,29.0
2018-05-09 13:57:00,13.0,67.58,45.0,5782.0,29.0
2018-05-09 13:58:00,13.0,67.58,45.0,5782.0,29.0
2018-05-09 13:59:00,13.0,67.75,45.0,5777.0,29.0
2018-05-09 14:00:00,14.0,67.75,45.0,5777.0,29.0
2018-05-09 14:01:00,14.0,67.91,45.0,5777.0,29.0
2018-05-09 14:02:00,14.0,67.91,45.0,5777.0,29.0
2018-05-09 14:03:00,14.0,67.75,45.0,5777.0,29.0
2018-05-09 14:04:00,14.0,67.75,45.0,5771.0,29.0
2018-05-09 14:05:00,14.0,67.91,45.0,5771.0,29.0
2018-05-09 14:06:00,14.0,67.91,45.0,5765.0,29.0
2018-05-09 14:07:00,14.0,67.75,45.0,5765.0,29.0
2018-05-09 14:08:00,14.0,67.91,45.0,5765.0,29.0
2018-05-09 14:09:00,14.0,67.91,45.0,5765.0,29.0
2018-05-09 14:10:00,14.0,67.75,45.0,5765.0,29.0
2018-05-09 14:11:00,14.0,67.75,45.0,5771.0,29.0
2018-05-09 14:12:00,14.0,67.75,45.0,5771.0,29.0
2018-05-09 14:13:00,14.0,67.75,45.0,5771.0,29.0
2018-05-09 14:14:00,14.0,67.58,45.0,5777.0,29.0
2018-05-09 14:15:00,14.0,67.58,45.0,5771.0,29.0
2018-05-09 14:16:00,14.0,67.42,45.0,5771.0,29.0
2018-05-09 14:17:00,14.0,67.58,45.0,5765.0,29.0
2018-05-09 14:18:00,14.0,67.58,46.0,5765.0,29.0
2018-05-09 14:19:00,14.0,67.75,46.0,5765.0,29.0
2018-05-09 14:20:00,14.0,67.42,46.0,5759.0,29.0
2018-05-09 14:21:00,14.0,67.58,46.0,5765.0,29.0
2018-05-09 14:22:00,14.0,67.42,46.0,5765.0,29.0
2018-05-09 14:23:00,14.0,67.75,47.0,5765.0,29.0
2018-05-09 14:24:00,14.0,67.58,47.0,5765.0,29.0
2018-05-09 14:25:00,14.0,67.58,48.0,5765.0,29.0
2018-05-09 14:26:00,14.0,67.58,48.0,5765.0,29.0
2018-05-09 14:27:00,14.0,67.42,47.0,5759.0,28.0
2018-05-09 14:28:00,14.0,67.58,48.0,5759.0,28.0
2018-05-09 14:29:00,14.0,67.42,48.0,5759.0,28.0
2018-05-09 14:30:00,14.0,67.26,48.0,5759.0,28.0
2018-05-09 14:31:00,14.0,67.42,48.0,5765.0,28.0
2018-05-09 14:32:00,14.0,67.26,49.0,5765.0,28.0
2018-05-09 14:33:00,14.0,67.1,49.0,5765.0,28.0
2018-05-09 14:34:00,14.0,67.26,50.0,5759.0,28.0
2018-05-09 14:35:00,14.0,67.1,52.0,5759.0,28.0
2018-05-09 14:36:00,14.0,66.94,52.0,5753.0,28.0
2018-05-09 14:37:00,14.0,66.94,52.0,5753.0,28.0
2018-05-09 14:38:00,14.0,66.94,53.0,5753.0,28.0
2018-05-09 14:39:00,14.0,66.78,53.0,5753.0,28.0
2018-05-09 14:40:00,14.0,66.78,53.0,5753.0,28.0
2018-05-09 14:41:00,14.0,66.62,54.0,5753.0,28.0
2018-05-09 14:42:00,14.0,66.62,54.0,5753.0,28.0
2018-05-09 14:43:00,14.0,66.62,54.0,5753.0,28.0
2018-05-09 14:44:00,14.0,66.62,56.0,5759.0,28.0
2018-05-09 14:45:00,14.0,66.62,56.0,5765.0,28.0
2018-05-09 14:46:00,14.0,66.62,57.0,5765.0,28.0
2018-05-09 14:47:00,14.0,66.62,58.0,5765.0,28.0
2018-05-09 14:48:00,14.0,66.62,58.0,5765.0,28.0
2018-05-09 14:49:00,14.0,66.62,60.0,5771.0,28.0
2018-05-09 14:50:00,14.0,66.94,61.0,5771.0,28.0
2018-05-09 14:51:00,14.0,67.91,62.0,5777.0,28.0
2018-05-09 14:52:00,14.0,72.72,63.0,5777.0,27.0
2018-05-09 14:53:00,14.0,75.29,64.0,5782.0,27.0
2018-05-09 14:54:00,14.0,78.98,65.0,5782.0,27.0
2018-05-09 14:55:00,14.0,79.94,67.0,5788.0,27.0
2018-05-09 14:56:00,14.0,82.51,68.0,5788.0,27.0
2018-05-09 14:57:00,14.0,86.36,69.0,5788.0,27.0
2018-05-09 14:58:00,14.0,87.01,70.0,5788.0,27.0
2018-05-09 14:59:00,14.0,87.01,70.0,5788.0,27.0
2018-05-09 15:00:00,15.0,86.84,70.0,5794.0,27.0
2018-05-09 15:01:00,15.0,86.52,71.0,5788.0,27.0
2018-05-09 15:02:00,15.0,86.36,71.0,5794.0,27.0
2018-05-09 15:03:00,15.0,86.04,71.0,5794.0,27.0
2018-05-09 15:04:00,15.0,86.04,71.0,5794.0,27.0
2018-05-09 15:05:00,15.0,86.04,71.0,5794.0,27.0
2018-05-09 15:06:00,15.0,85.72,72.0,5800.0,27.0
2018-05-09 15:07:00,15.0,85.72,72.0,5800.0,27.0
2018-05-09 15:08:00,15.0,85.56,73.0,5800.0,27.0
2018-05-09 15:09:00,15.0,85.4,73.0,5800.0,27.0
2018-05-09 15:10:00,15.0,85.24,74.0,5800.0,27.0
2018-05-09 15:11:00,15.0,85.4,75.0,5800.0,27.0
2018-05-09 15:12:00,15.0,85.4,75.0,5800.0,27.0
2018-05-09 15:13:00,15.0,85.24,75.0,5806.0,27.0
2018-05-09 15:14:00,15.0,85.24,75.0,5806.0,27.0
2018-05-09 15:15:00,15.0,85.4,76.0,5806.0,27.0
2018-05-09 15:16:00,15.0,85.4,76.0,5806.0,27.0
2018-05-09 15:17:00,15.0,85.24,76.0,5806.0,27.0
2018-05-09 15:18:00,15.0,85.24,76.0,5806.0,27.0
2018-05-09 15:19:00,15.0,85.08,76.0,5806.0,27.0
2018-05-09 15:20:00,15.0,85.24,77.0,5806.0,27.0
2018-05-09 15:21:00,15.0,85.08,77.0,5812.0,27.0
2018-05-09 15:22:00,15.0,85.08,77.0,5812.0,27.0
2018-05-09 15:23:00,15.0,84.92,77.0,5806.0,27.0
2018-05-09 15:24:00,15.0,84.92,76.0,5806.0,27.0
2018-05-09 15:25:00,15.0,84.92,76.0,5812.0,27.0
2018-05-09 15:26:00,15.0,84.92,76.0,5818.0,27.0
2018-05-09 15:27:00,15.0,84.76,76.0,5829.0,27.0
2018-05-09 15:28:00,15.0,84.76,78.0,5818.0,27.0
2018-05-09 15:29:00,15.0,84.76,78.0,5818.0,27.0
2018-05-09 15:30:00,15.0,84.6,78.0,5824.0,27.0
2018-05-09 15:31:00,15.0,84.76,78.0,5829.0,27.0
2018-05-09 15:32:00,15.0,84.76,78.0,5829.0,27.0
2018-05-09 15:33:00,15.0,84.76,78.0,5824.0,27.0
2018-05-09 15:34:00,15.0,84.76,77.0,5824.0,27.0
2018-05-09 15:35:00,15.0,84.6,76.0,5824.0,27.0
2018-05-09 15:36:00,15.0,84.6,76.0,5812.0,27.0
2018-05-09 15:37:00,15.0,84.6,76.0,5806.0,27.0
2018-05-09 15:38:00,15.0,84.6,76.0,5800.0,27.0
2018-05-09 15:39:00,15.0,84.6,76.0,5800.0,27.0
2018-05-09 15:40:00,15.0,84.44,76.0,5800.0,27.0
2018-05-09 15:41:00,15.0,84.44,76.0,5794.0,27.0
2018-05-09 15:42:00,15.0,84.44,76.0,5794.0,27.0
2018-05-09 15:43:00,15.0,84.44,76.0,5788.0,27.0
2018-05-09 15:44:00,15.0,84.6,77.0,5788.0,27.0
2018-05-09 15:45:00,15.0,84.44,78.0,5788.0,27.0
2018-05-09 15:46:00,15.0,84.44,78.0,5788.0,27.0
2018-05-09 15:47:00,15.0,84.44,78.0,5782.0,27.0
2018-05-09 15:48:00,15.0,84.44,78.0,5782.0,27.0
2018-05-09 15:49:00,15.0,84.44,77.0,5777.0,27.0
2018-05-09 15:50:00,15.0,84.28,76.0,5777.0,27.0
2018-05-09 15:51:00,15.0,84.44,76.0,5777.0,27.0
2018-05-09 15:52:00,15.0,84.6,76.0,5771.0,27.0
2018-05-09 15:53:00,15.0,84.6,78.0,5771.0,27.0
2018-05-09 15:54:00,15.0,84.6,78.0,5771.0,27.0
2018-05-09 15:55:00,15.0,84.6,78.0,5771.0,27.0
2018-05-09 15:56:00,15.0,84.6,78.0,5771.0,27.0
2018-05-09 15:57:00,15.0,84.44,79.0,5771.0,27.0
2018-05-09 15:58:00,15.0,84.44,78.0,5765.0,27.0
2018-05-09 15:59:00,15.0,84.44,79.0,5765.0,26.0
2018-05-09 16:00:00,16.0,84.6,79.0,5759.0,26.0
2018-05-09 16:01:00,16.0,84.6,79.0,5753.0,26.0
2018-05-09 16:02:00,16.0,84.44,79.0,5753.0,26.0
2018-05-09 16:03:00,16.0,84.76,79.0,5753.0,26.0
2018-05-09 16:04:00,16.0,84.6,78.0,5747.0,26.0
2018-05-09 16:05:00,16.0,84.6,77.0,5747.0,26.0
2018-05-09 16:06:00,16.0,84.6,77.0,5741.0,26.0
2018-05-09 16:07:00,16.0,84.6,77.0,5736.0,26.0
2018-05-09 16:08:00,16.0,84.6,77.0,5736.0,26.0
2018-05-09 16:09:00,16.0,84.6,77.0,5736.0,26.0
2018-05-09 16:10:00,16.0,84.6,77.0,5730.0,26.0
2018-05-09 16:11:00,16.0,84.76,77.0,5730.0,26.0
2018-05-09 16:12:00,16.0,84.76,77.0,5730.0,26.0
2018-05-09 16:13:00,16.0,84.76,77.0,5730.0,26.0
2018-05-09 16:14:00,16.0,84.76,77.0,5730.0,26.0
2018-05-09 16:15:00,16.0,84.92,78.0,5724.0,26.0
2018-05-09 16:16:00,16.0,84.76,77.0,5718.0,26.0
2018-05-09 16:17:00,16.0,84.76,77.0,5712.0,26.0
2018-05-09 16:18:00,16.0,84.76,77.0,5712.0,26.0
2018-05-09 16:19:00,16.0,84.92,78.0,5706.0,26.0
2018-05-09 16:20:00,16.0,84.76,79.0,5700.0,26.0
2018-05-09 16:21:00,16.0,84.76,79.0,5695.0,26.0
2018-05-09 16:22:00,16.0,84.76,79.0,5683.0,26.0
2018-05-09 16:23:00,16.0,84.76,79.0,5677.0,26.0
2018-05-09 16:24:00,16.0,84.92,80.0,5671.0,26.0
2018-05-09 16:25:00,16.0,84.92,80.0,5659.0,26.0
2018-05-09 16:26:00,16.0,84.92,80.0,5636.0,26.0
2018-05-09 16:27:00,16.0,84.92,80.0,5601.0,26.0
2018-05-09 16:28:00,16.0,84.92,80.0,5542.0,26.0
2018-05-09 16:29:00,16.0,84.92,80.0,5436.0,26.0
2018-05-09 16:30:00,16.0,84.92,80.0,5366.0,26.0
2018-05-09 16:31:00,16.0,84.92,80.0,5360.0,26.0
2018-05-09 16:32:00,16.0,84.92,80.0,5401.0,26.0
2018-05-09 16:33:00,16.0,84.92,81.0,5413.0,26.0
2018-05-09 16:34:00,16.0,84.92,81.0,5278.0,26.0
2018-05-09 16:35:00,16.0,85.08,82.0,5061.0,26.0
2018-05-09 16:36:00,16.0,85.08,82.0,4844.0,26.0
2018-05-09 16:37:00,16.0,85.08,82.0,4744.0,26.0
2018-05-09 16:38:00,16.0,85.08,82.0,4739.0,26.0
2018-05-09 16:39:00,16.0,85.24,82.0,4826.0,26.0
2018-05-09 16:40:00,16.0,85.24,82.0,4897.0,26.0
2018-05-09 16:41:00,16.0,85.08,82.0,4973.0,26.0
2018-05-09 16:42:00,16.0,85.24,82.0,5008.0,26.0
2018-05-09 16:43:00,16.0,85.24,82.0,5002.0,26.0
2018-05-09 16:44:00,16.0,85.24,82.0,4997.0,26.0
2018-05-09 16:45:00,16.0,85.24,82.0,4950.0,26.0
2018-05-09 16:46:00,16.0,85.24,82.0,4909.0,26.0
2018-05-09 16:47:00,16.0,85.24,82.0,4862.0,26.0
2018-05-09 16:48:00,16.0,85.24,84.0,4815.0,26.0
2018-05-09 16:49:00,16.0,85.4,86.0,4733.0,26.0
2018-05-09 16:50:00,16.0,85.4,86.0,4645.0,26.0
2018-05-09 16:51:00,16.0,85.4,86.0,4586.0,26.0
2018-05-09 16:52:00,16.0,85.56,86.0,4504.0,26.0
2018-05-09 16:53:00,16.0,85.4,86.0,4410.0,26.0
2018-05-09 16:54:00,16.0,85.56,86.0,4363.0,26.0
2018-05-09 16:55:00,16.0,85.56,86.0,4363.0,26.0
2018-05-09 16:56:00,16.0,85.56,86.0,4375.0,26.0
2018-05-09 16:57:00,16.0,85.56,86.0,4434.0,26.0
2018-05-09 16:58:00,16.0,85.72,86.0,4398.0,26.0
2018-05-09 16:59:00,16.0,85.72,86.0,4357.0,26.0
2018-05-09 17:00:00,17.0,85.72,86.0,4269.0,26.0
2018-05-09 17:01:00,17.0,85.72,86.0,4087.0,26.0
2018-05-09 17:02:00,17.0,85.72,86.0,3870.0,26.0
2018-05-09 17:03:00,17.0,85.72,86.0,3712.0,26.0
2018-05-09 17:04:00,17.0,85.72,86.0,3653.0,26.0
2018-05-09 17:05:00,17.0,85.72,86.0,3642.0,26.0
2018-05-09 17:06:00,17.0,85.72,86.0,3648.0,25.0
2018-05-09 17:07:00,17.0,85.72,86.0,3642.0,25.0
2018-05-09 17:08:00,17.0,85.72,86.0,3612.0,25.0
2018-05-09 17:09:00,17.0,85.72,86.0,3507.0,25.0
2018-05-09 17:10:00,17.0,85.72,86.0,3372.0,25.0
2018-05-09 17:11:00,17.0,85.72,86.0,3255.0,25.0
2018-05-09 17:12:00,17.0,85.72,86.0,3219.0,25.0
2018-05-09 17:13:00,17.0,85.72,86.0,3214.0,25.0
2018-05-09 17:14:00,17.0,85.72,86.0,3243.0,25.0
2018-05-09 17:15:00,17.0,85.72,86.0,3255.0,25.0
2018-05-09 17:16:00,17.0,85.72,86.0,3219.0,25.0
2018-05-09 17:17:00,17.0,85.88,86.0,3085.0,25.0
2018-05-09 17:18:00,17.0,85.88,86.0,2956.0,25.0
2018-05-09 17:19:00,17.0,85.88,86.0,2826.0,25.0
2018-05-09 17:20:00,17.0,85.88,84.0,2615.0,25.0
2018-05-09 17:21:00,17.0,86.04,84.0,2445.0,25.0
2018-05-09 17:22:00,17.0,85.88,82.0,2269.0,25.0
2018-05-09 17:23:00,17.0,86.04,82.0,2129.0,25.0
2018-05-09 17:24:00,17.0,86.04,82.0,1982.0,25.0
2018-05-09 17:25:00,17.0,86.2,82.0,1824.0,25.0
2018-05-09 17:26:00,17.0,86.04,82.0,1695.0,25.0
2018-05-09 17:27:00,17.0,86.04,82.0,1607.0,25.0
2018-05-09 17:28:00,17.0,86.2,82.0,1554.0,25.0
2018-05-09 17:29:00,17.0,86.2,82.0,1530.0,25.0
2018-05-09 17:30:00,17.0,86.2,82.0,1519.0,25.0
2018-05-09 17:31:00,17.0,86.2,82.0,1507.0,25.0
2018-05-09 17:32:00,17.0,86.2,82.0,1483.0,25.0
2018-05-09 17:33:00,17.0,86.2,82.0,1436.0,25.0
2018-05-09 17:34:00,17.0,86.2,82.0,1360.0,25.0
2018-05-09 17:35:00,17.0,86.2,82.0,1266.0,25.0
2018-05-09 17:36:00,17.0,86.84,82.0,1161.0,25.0
2018-05-09 17:37:00,17.0,86.68,82.0,1061.0,25.0
2018-05-09 17:38:00,17.0,86.68,82.0,950.0,25.0
2018-05-09 17:39:00,17.0,86.68,82.0,850.0,25.0
2018-05-09 17:40:00,17.0,86.68,82.0,739.0,25.0
2018-05-09 17:41:00,17.0,86.68,82.0,621.0,25.0
2018-05-09 17:42:00,17.0,86.68,82.0,504.0,25.0
2018-05-09 17:43:00,17.0,86.68,82.0,410.0,25.0
2018-05-09 17:44:00,17.0,86.68,82.0,334.0,25.0
2018-05-09 17:45:00,17.0,86.68,82.0,281.0,25.0
2018-05-09 17:46:00,17.0,87.17,82.0,234.0,25.0
2018-05-09 17:47:00,17.0,87.01,82.0,199.0,25.0
2018-05-09 17:48:00,17.0,87.17,82.0,170.0,25.0
2018-05-09 17:49:00,17.0,87.01,82.0,140.0,25.0
2018-05-09 17:50:00,17.0,87.01,82.0,111.0,25.0
2018-05-09 17:51:00,17.0,87.17,82.0,93.0,25.0
2018-05-09 17:52:00,17.0,87.01,82.0,76.0,25.0
2018-05-09 17:53:00,17.0,87.17,82.0,64.0,25.0
2018-05-09 17:54:00,17.0,87.17,82.0,52.0,25.0
2018-05-09 17:55:00,17.0,87.33,82.0,41.0,25.0
2018-05-09 17:56:00,17.0,87.33,82.0,35.0,25.0
2018-05-09 17:57:00,17.0,87.49,82.0,29.0,25.0
2018-05-09 17:58:00,17.0,87.49,82.0,23.0,25.0
2018-05-09 17:59:00,17.0,87.49,82.0,17.0,25.0
2018-05-09 18:00:00,18.0,87.49,82.0,17.0,25.0
2018-05-09 18:01:00,18.0,87.49,82.0,11.0,25.0
2018-05-09 18:02:00,18.0,87.33,82.0,5.0,25.0
2018-05-09 18:03:00,18.0,87.33,82.0,5.0,25.0
2018-05-09 18:04:00,18.0,87.33,82.0,5.0,25.0
2018-05-09 18:05:00,18.0,87.33,82.0,0.0,25.0
2018-05-09 18:06:00,18.0,87.49,82.0,0.0,25.0
2018-05-09 18:07:00,18.0,87.33,84.0,0.0,25.0
2018-05-09 18:08:00,18.0,87.33,84.0,0.0,25.0
2018-05-09 18:09:00,18.0,87.33,86.0,0.0,25.0
2018-05-09 18:10:00,18.0,87.49,86.0,0.0,25.0
2018-05-09 18:11:00,18.0,87.49,86.0,0.0,25.0
2018-05-09 18:12:00,18.0,87.49,86.0,0.0,25.0
2018-05-09 18:13:00,18.0,87.49,86.0,0.0,25.0
2018-05-09 18:14:00,18.0,87.49,86.0,0.0,25.0
2018-05-09 18:15:00,18.0,87.49,86.0,0.0,25.0
2018-05-09 18:16:00,18.0,87.49,86.0,0.0,25.0
2018-05-09 18:17:00,18.0,87.49,86.0,0.0,25.0
2018-05-09 18:18:00,18.0,87.49,86.0,0.0,25.0
2018-05-09 18:19:00,18.0,87.49,86.0,0.0,25.0
2018-05-09 18:20:00,18.0,87.49,86.0,0.0,25.0
2018-05-09 18:21:00,18.0,87.49,86.0,0.0,25.0
2018-05-09 18:22:00,18.0,87.49,86.0,0.0,25.0
2018-05-09 18:23:00,18.0,87.49,86.0,0.0,25.0
2018-05-09 18:24:00,18.0,87.49,86.0,0.0,25.0
2018-05-09 18:25:00,18.0,87.49,86.0,0.0,25.0
2018-05-09 18:26:00,18.0,87.49,86.0,0.0,25.0
2018-05-09 18:27:00,18.0,87.65,86.0,0.0,25.0
2018-05-09 18:28:00,18.0,87.65,87.0,0.0,24.0
2018-05-09 18:29:00,18.0,87.65,87.0,0.0,24.0
2018-05-09 18:30:00,18.0,87.65,87.0,0.0,24.0
2018-05-09 18:31:00,18.0,87.81,87.0,0.0,24.0
2018-05-09 18:32:00,18.0,87.81,86.0,0.0,25.0
2018-05-09 18:33:00,18.0,87.81,87.0,0.0,24.0
2018-05-09 18:34:00,18.0,87.65,87.0,0.0,24.0
2018-05-09 18:35:00,18.0,87.65,87.0,0.0,24.0
2018-05-09 18:36:00,18.0,87.65,87.0,0.0,24.0
2018-05-09 18:37:00,18.0,87.65,87.0,0.0,24.0
2018-05-09 18:38:00,18.0,87.65,87.0,0.0,24.0
2018-05-09 18:39:00,18.0,87.65,90.0,0.0,24.0
2018-05-09 18:40:00,18.0,87.81,90.0,0.0,24.0
2018-05-09 18:41:00,18.0,87.65,90.0,0.0,24.0
2018-05-09 18:42:00,18.0,87.81,90.0,0.0,24.0
2018-05-09 18:43:00,18.0,87.81,90.0,0.0,24.0
2018-05-09 18:44:00,18.0,87.81,90.0,0.0,24.0
2018-05-09 18:45:00,18.0,87.81,90.0,0.0,24.0
2018-05-09 18:46:00,18.0,87.81,90.0,0.0,24.0
2018-05-09 18:47:00,18.0,87.81,90.0,0.0,24.0
2018-05-09 18:48:00,18.0,87.81,90.0,0.0,24.0
2018-05-09 18:49:00,18.0,87.81,90.0,0.0,24.0
2018-05-09 18:50:00,18.0,87.81,90.0,0.0,24.0
2018-05-09 18:51:00,18.0,87.81,90.0,0.0,24.0
2018-05-09 18:52:00,18.0,87.81,90.0,0.0,24.0
2018-05-09 18:53:00,18.0,87.81,90.0,0.0,24.0
2018-05-09 18:54:00,18.0,87.81,90.0,0.0,24.0
2018-05-09 18:55:00,18.0,87.81,90.0,0.0,24.0
2018-05-09 18:56:00,18.0,87.81,90.0,0.0,24.0
2018-05-09 18:57:00,18.0,87.97,90.0,0.0,24.0
2018-05-09 18:58:00,18.0,87.97,90.0,0.0,24.0
2018-05-09 18:59:00,18.0,87.97,90.0,0.0,24.0
2018-05-09 19:00:00,19.0,87.97,90.0,0.0,24.0
2018-05-09 19:01:00,19.0,87.97,90.0,0.0,24.0
2018-05-09 19:02:00,19.0,87.97,90.0,0.0,24.0
2018-05-09 19:03:00,19.0,87.97,90.0,0.0,24.0
2018-05-09 19:04:00,19.0,87.97,90.0,0.0,24.0
2018-05-09 19:05:00,19.0,87.81,90.0,0.0,24.0
2018-05-09 19:06:00,19.0,87.97,90.0,0.0,24.0
2018-05-09 19:07:00,19.0,87.81,90.0,0.0,24.0
2018-05-09 19:08:00,19.0,87.97,90.0,0.0,24.0
2018-05-09 19:09:00,19.0,87.97,90.0,0.0,24.0
2018-05-09 19:10:00,19.0,87.97,90.0,0.0,24.0
2018-05-09 19:11:00,19.0,87.97,90.0,0.0,24.0
2018-05-09 19:12:00,19.0,88.29,90.0,0.0,24.0
2018-05-09 19:13:00,19.0,88.13,90.0,0.0,24.0
2018-05-09 19:14:00,19.0,88.13,90.0,0.0,24.0
2018-05-09 19:15:00,19.0,87.97,90.0,0.0,24.0
2018-05-09 19:16:00,19.0,87.97,90.0,0.0,24.0
2018-05-09 19:17:00,19.0,87.97,90.0,0.0,24.0
2018-05-09 19:18:00,19.0,87.97,90.0,0.0,24.0
2018-05-09 19:19:00,19.0,87.97,90.0,0.0,24.0
2018-05-09 19:20:00,19.0,87.97,90.0,0.0,24.0
2018-05-09 19:21:00,19.0,87.97,90.0,0.0,24.0
2018-05-09 19:22:00,19.0,87.97,90.0,0.0,24.0
2018-05-09 19:23:00,19.0,87.97,90.0,0.0,24.0
2018-05-09 19:24:00,19.0,87.97,90.0,0.0,24.0
2018-05-09 19:25:00,19.0,87.97,90.0,0.0,24.0
2018-05-09 19:26:00,19.0,87.81,90.0,0.0,24.0
2018-05-09 19:27:00,19.0,87.81,90.0,0.0,24.0
2018-05-09 19:28:00,19.0,87.81,90.0,0.0,24.0
2018-05-09 19:29:00,19.0,87.81,90.0,0.0,24.0
2018-05-09 19:30:00,19.0,87.65,90.0,0.0,24.0
2018-05-09 19:31:00,19.0,87.65,90.0,0.0,24.0
2018-05-09 19:32:00,19.0,87.65,90.0,0.0,24.0
2018-05-09 19:33:00,19.0,87.65,90.0,0.0,24.0
2018-05-09 19:34:00,19.0,87.65,90.0,0.0,24.0
2018-05-09 19:35:00,19.0,87.49,90.0,0.0,24.0
2018-05-09 19:36:00,19.0,87.49,90.0,0.0,24.0
2018-05-09 19:37:00,19.0,87.49,90.0,0.0,24.0
2018-05-09 19:38:00,19.0,87.49,90.0,0.0,24.0
2018-05-09 19:39:00,19.0,87.49,90.0,0.0,24.0
2018-05-09 19:40:00,19.0,87.49,90.0,0.0,24.0
2018-05-09 19:41:00,19.0,87.49,90.0,0.0,24.0
2018-05-09 19:42:00,19.0,87.49,90.0,0.0,24.0
2018-05-09 19:43:00,19.0,87.49,90.0,0.0,24.0
2018-05-09 19:44:00,19.0,87.49,90.0,0.0,24.0
2018-05-09 19:45:00,19.0,87.49,90.0,0.0,24.0
2018-05-09 19:46:00,19.0,87.49,90.0,0.0,24.0
2018-05-09 19:47:00,19.0,87.49,90.0,0.0,24.0
2018-05-09 19:48:00,19.0,87.49,90.0,0.0,24.0
2018-05-09 19:49:00,19.0,87.33,90.0,0.0,24.0
2018-05-09 19:50:00,19.0,87.33,90.0,0.0,24.0
2018-05-09 19:51:00,19.0,87.33,90.0,0.0,24.0
2018-05-09 19:52:00,19.0,87.49,90.0,0.0,24.0
2018-05-09 19:53:00,19.0,87.33,90.0,0.0,24.0
2018-05-09 19:54:00,19.0,87.33,90.0,0.0,24.0
2018-05-09 19:55:00,19.0,87.33,90.0,0.0,24.0
2018-05-09 19:56:00,19.0,87.33,90.0,0.0,24.0
2018-05-09 19:57:00,19.0,87.33,90.0,0.0,24.0
2018-05-09 19:58:00,19.0,87.49,90.0,0.0,24.0
2018-05-09 19:59:00,19.0,87.49,90.0,0.0,24.0
2018-05-09 20:00:00,20.0,87.49,90.0,0.0,24.0
2018-05-09 20:01:00,20.0,87.33,90.0,0.0,24.0
2018-05-09 20:02:00,20.0,87.33,90.0,0.0,24.0
2018-05-09 20:03:00,20.0,87.33,90.0,0.0,24.0
2018-05-09 20:04:00,20.0,87.33,90.0,0.0,24.0
2018-05-09 20:05:00,20.0,87.33,90.0,0.0,24.0
2018-05-09 20:06:00,20.0,87.33,90.0,0.0,24.0
2018-05-09 20:07:00,20.0,87.49,90.0,0.0,24.0
2018-05-09 20:08:00,20.0,87.65,90.0,0.0,24.0
2018-05-09 20:09:00,20.0,87.49,90.0,0.0,24.0
2018-05-09 20:10:00,20.0,87.49,90.0,0.0,24.0
2018-05-09 20:11:00,20.0,87.49,90.0,0.0,24.0
2018-05-09 20:12:00,20.0,87.49,90.0,0.0,24.0
2018-05-09 20:13:00,20.0,87.49,90.0,0.0,24.0
2018-05-09 20:14:00,20.0,87.49,90.0,0.0,24.0
2018-05-09 20:15:00,20.0,87.49,90.0,0.0,24.0
2018-05-09 20:16:00,20.0,87.49,90.0,0.0,24.0
2018-05-09 20:17:00,20.0,87.65,90.0,0.0,24.0
2018-05-09 20:18:00,20.0,87.81,90.0,0.0,24.0
2018-05-09 20:19:00,20.0,87.65,90.0,0.0,24.0
2018-05-09 20:20:00,20.0,87.81,90.0,0.0,24.0
2018-05-09 20:21:00,20.0,87.81,90.0,0.0,24.0
2018-05-09 20:22:00,20.0,87.81,90.0,0.0,24.0
2018-05-09 20:23:00,20.0,87.81,90.0,0.0,24.0
2018-05-09 20:24:00,20.0,87.81,90.0,0.0,24.0
2018-05-09 20:25:00,20.0,87.81,90.0,0.0,24.0
2018-05-09 20:26:00,20.0,87.81,90.0,0.0,24.0
2018-05-09 20:27:00,20.0,87.65,90.0,0.0,24.0
2018-05-09 20:28:00,20.0,87.65,90.0,0.0,24.0
2018-05-09 20:29:00,20.0,87.81,90.0,0.0,24.0
2018-05-09 20:30:00,20.0,87.81,90.0,0.0,24.0
2018-05-09 20:31:00,20.0,87.81,90.0,0.0,24.0
2018-05-09 20:32:00,20.0,87.81,90.0,0.0,24.0
2018-05-09 20:33:00,20.0,87.81,90.0,0.0,24.0
2018-05-09 20:34:00,20.0,87.81,90.0,0.0,24.0
2018-05-09 20:35:00,20.0,87.81,90.0,0.0,24.0
2018-05-09 20:36:00,20.0,87.81,90.0,0.0,24.0
2018-05-09 20:37:00,20.0,87.81,90.0,0.0,24.0
2018-05-09 20:38:00,20.0,87.81,90.0,0.0,24.0
2018-05-09 20:39:00,20.0,87.81,90.0,0.0,24.0
2018-05-09 20:40:00,20.0,87.81,90.0,0.0,24.0
2018-05-09 20:41:00,20.0,87.97,90.0,0.0,24.0
2018-05-09 20:42:00,20.0,87.81,90.0,0.0,24.0
2018-05-09 20:43:00,20.0,87.81,90.0,0.0,24.0
2018-05-09 20:44:00,20.0,87.81,90.0,0.0,24.0
2018-05-09 20:45:00,20.0,87.81,90.0,0.0,24.0
2018-05-09 20:46:00,20.0,87.81,90.0,0.0,24.0
2018-05-09 20:47:00,20.0,87.97,90.0,0.0,24.0
2018-05-09 20:48:00,20.0,88.13,90.0,0.0,24.0
2018-05-09 20:49:00,20.0,88.13,90.0,0.0,24.0
2018-05-09 20:50:00,20.0,88.13,90.0,0.0,24.0
2018-05-09 20:51:00,20.0,88.13,90.0,0.0,24.0
2018-05-09 20:52:00,20.0,87.97,90.0,0.0,24.0
2018-05-09 20:53:00,20.0,88.13,90.0,0.0,24.0
2018-05-09 20:54:00,20.0,88.13,90.0,0.0,24.0
2018-05-09 20:55:00,20.0,88.13,90.0,0.0,24.0
2018-05-09 20:56:00,20.0,88.29,90.0,0.0,24.0
2018-05-09 20:57:00,20.0,88.29,90.0,0.0,24.0
2018-05-09 20:58:00,20.0,88.13,90.0,0.0,24.0
2018-05-09 20:59:00,20.0,88.29,90.0,0.0,24.0
2018-05-09 21:00:00,21.0,88.29,90.0,0.0,24.0
2018-05-09 21:01:00,21.0,88.13,90.0,0.0,24.0
2018-05-09 21:02:00,21.0,88.29,90.0,0.0,24.0
2018-05-09 21:03:00,21.0,88.29,90.0,0.0,24.0
2018-05-09 21:04:00,21.0,88.13,90.0,0.0,24.0
2018-05-09 21:05:00,21.0,88.29,90.0,0.0,24.0
2018-05-09 21:06:00,21.0,88.29,90.0,0.0,24.0
2018-05-09 21:07:00,21.0,88.29,90.0,0.0,24.0
2018-05-09 21:08:00,21.0,88.29,91.0,0.0,24.0
2018-05-09 21:09:00,21.0,88.29,91.0,0.0,24.0
2018-05-09 21:10:00,21.0,88.13,93.0,0.0,24.0
2018-05-09 21:11:00,21.0,88.29,93.0,0.0,24.0
2018-05-09 21:12:00,21.0,88.29,93.0,0.0,24.0
2018-05-09 21:13:00,21.0,88.29,93.0,0.0,24.0
2018-05-09 21:14:00,21.0,88.29,93.0,0.0,24.0
2018-05-09 21:15:00,21.0,88.29,93.0,0.0,24.0
2018-05-09 21:16:00,21.0,88.29,93.0,0.0,24.0
2018-05-09 21:17:00,21.0,88.29,93.0,0.0,24.0
2018-05-09 21:18:00,21.0,88.29,93.0,0.0,24.0
2018-05-09 21:19:00,21.0,88.29,93.0,0.0,24.0
2018-05-09 21:20:00,21.0,88.45,93.0,0.0,24.0
2018-05-09 21:21:00,21.0,88.45,93.0,0.0,24.0
2018-05-09 21:22:00,21.0,88.29,93.0,0.0,24.0
2018-05-09 21:23:00,21.0,88.29,93.0,0.0,24.0
2018-05-09 21:24:00,21.0,88.29,93.0,0.0,24.0
2018-05-09 21:25:00,21.0,88.29,93.0,0.0,24.0
2018-05-09 21:26:00,21.0,88.29,93.0,0.0,24.0
2018-05-09 21:27:00,21.0,88.29,93.0,0.0,24.0
2018-05-09 21:28:00,21.0,88.29,93.0,0.0,24.0
2018-05-09 21:29:00,21.0,88.29,93.0,0.0,24.0
2018-05-09 21:30:00,21.0,88.29,93.0,0.0,24.0
2018-05-09 21:31:00,21.0,88.29,93.0,0.0,24.0
2018-05-09 21:32:00,21.0,88.29,93.0,0.0,24.0
2018-05-09 21:33:00,21.0,88.45,93.0,0.0,24.0
2018-05-09 21:34:00,21.0,88.45,93.0,0.0,24.0
2018-05-09 21:35:00,21.0,88.45,93.0,0.0,24.0
2018-05-09 21:36:00,21.0,88.45,93.0,0.0,24.0
2018-05-09 21:37:00,21.0,88.45,93.0,0.0,24.0
2018-05-09 21:38:00,21.0,88.45,93.0,0.0,24.0
2018-05-09 21:39:00,21.0,88.45,93.0,0.0,24.0
2018-05-09 21:40:00,21.0,88.45,93.0,0.0,24.0
2018-05-09 21:41:00,21.0,88.45,93.0,0.0,24.0
2018-05-09 21:42:00,21.0,88.45,93.0,0.0,24.0
2018-05-09 21:43:00,21.0,88.45,93.0,0.0,24.0
2018-05-09 21:44:00,21.0,88.45,93.0,0.0,24.0
2018-05-09 21:45:00,21.0,88.45,93.0,0.0,24.0
2018-05-09 21:46:00,21.0,88.45,93.0,0.0,24.0
2018-05-09 21:47:00,21.0,88.45,93.0,0.0,24.0
2018-05-09 21:48:00,21.0,88.29,93.0,0.0,24.0
2018-05-09 21:49:00,21.0,88.45,93.0,0.0,24.0
2018-05-09 21:50:00,21.0,88.45,93.0,0.0,24.0
2018-05-09 21:51:00,21.0,88.45,93.0,0.0,24.0
2018-05-09 21:52:00,21.0,88.45,93.0,0.0,24.0
2018-05-09 21:53:00,21.0,88.29,93.0,0.0,24.0
2018-05-09 21:54:00,21.0,88.29,93.0,0.0,24.0
2018-05-09 21:55:00,21.0,88.29,93.0,0.0,24.0
2018-05-09 21:56:00,21.0,88.29,93.0,0.0,24.0
2018-05-09 21:57:00,21.0,88.29,93.0,0.0,24.0
2018-05-09 21:58:00,21.0,88.29,93.0,0.0,24.0
2018-05-09 21:59:00,21.0,88.29,93.0,0.0,24.0
2018-05-09 22:00:00,22.0,88.29,93.0,0.0,24.0
2018-05-09 22:01:00,22.0,88.29,93.0,0.0,24.0
2018-05-09 22:02:00,22.0,88.29,93.0,0.0,24.0
2018-05-09 22:03:00,22.0,88.29,93.0,0.0,24.0
2018-05-09 22:04:00,22.0,88.29,93.0,0.0,24.0
2018-05-09 22:05:00,22.0,88.13,93.0,0.0,24.0
2018-05-09 22:06:00,22.0,88.29,93.0,0.0,24.0
2018-05-09 22:07:00,22.0,88.13,93.0,0.0,24.0
2018-05-09 22:08:00,22.0,88.13,93.0,0.0,24.0
2018-05-09 22:09:00,22.0,88.13,93.0,0.0,24.0
2018-05-09 22:10:00,22.0,88.13,93.0,0.0,24.0
2018-05-09 22:11:00,22.0,87.97,93.0,0.0,24.0
2018-05-09 22:12:00,22.0,87.97,93.0,0.0,24.0
2018-05-09 22:13:00,22.0,87.97,93.0,0.0,24.0
2018-05-09 22:14:00,22.0,87.97,93.0,0.0,24.0
2018-05-09 22:15:00,22.0,87.97,93.0,0.0,24.0
2018-05-09 22:16:00,22.0,87.97,93.0,0.0,24.0
2018-05-09 22:17:00,22.0,87.97,93.0,0.0,24.0
2018-05-09 22:18:00,22.0,87.97,93.0,0.0,24.0
2018-05-09 22:19:00,22.0,87.97,93.0,0.0,24.0
2018-05-09 22:20:00,22.0,87.97,93.0,0.0,24.0
2018-05-09 22:21:00,22.0,87.97,93.0,0.0,24.0
2018-05-09 22:22:00,22.0,87.97,93.0,0.0,24.0
2018-05-09 22:23:00,22.0,87.97,93.0,0.0,24.0
2018-05-09 22:24:00,22.0,87.97,93.0,0.0,24.0
2018-05-09 22:25:00,22.0,87.97,93.0,0.0,24.0
2018-05-09 22:26:00,22.0,87.97,93.0,0.0,24.0
2018-05-09 22:27:00,22.0,87.81,93.0,0.0,24.0
2018-05-09 22:28:00,22.0,87.81,93.0,0.0,24.0
2018-05-09 22:29:00,22.0,87.81,93.0,0.0,24.0
2018-05-09 22:30:00,22.0,87.81,93.0,0.0,24.0
2018-05-09 22:31:00,22.0,87.81,93.0,0.0,24.0
2018-05-09 22:32:00,22.0,87.65,93.0,0.0,24.0
2018-05-09 22:33:00,22.0,87.65,93.0,0.0,24.0
2018-05-09 22:34:00,22.0,87.65,93.0,0.0,24.0
2018-05-09 22:35:00,22.0,87.65,93.0,0.0,24.0
2018-05-09 22:36:00,22.0,87.65,93.0,0.0,24.0
2018-05-09 22:37:00,22.0,87.65,93.0,0.0,24.0
2018-05-09 22:38:00,22.0,87.65,93.0,0.0,24.0
2018-05-09 22:39:00,22.0,87.49,93.0,0.0,24.0
2018-05-09 22:40:00,22.0,87.49,93.0,0.0,24.0
2018-05-09 22:41:00,22.0,87.49,93.0,0.0,24.0
2018-05-09 22:42:00,22.0,87.49,93.0,0.0,24.0
2018-05-09 22:43:00,22.0,87.49,93.0,0.0,24.0
2018-05-09 22:44:00,22.0,87.49,93.0,0.0,24.0
2018-05-09 22:45:00,22.0,87.49,90.0,0.0,24.0
2018-05-09 22:46:00,22.0,87.49,90.0,0.0,24.0
2018-05-09 22:47:00,22.0,87.49,90.0,0.0,24.0
2018-05-09 22:48:00,22.0,87.33,90.0,0.0,24.0
2018-05-09 22:49:00,22.0,87.33,90.0,0.0,24.0
2018-05-09 22:50:00,22.0,87.33,90.0,0.0,24.0
2018-05-09 22:51:00,22.0,87.33,90.0,0.0,24.0
2018-05-09 22:52:00,22.0,87.33,90.0,0.0,24.0
2018-05-09 22:53:00,22.0,87.33,90.0,0.0,24.0
2018-05-09 22:54:00,22.0,87.17,87.0,0.0,24.0
2018-05-09 22:55:00,22.0,87.17,87.0,0.0,24.0
2018-05-09 22:56:00,22.0,87.17,87.0,0.0,24.0
2018-05-09 22:57:00,22.0,87.17,87.0,0.0,24.0
2018-05-09 22:58:00,22.0,87.17,87.0,0.0,24.0
2018-05-09 22:59:00,22.0,87.01,83.0,0.0,24.0
2018-05-09 23:00:00,23.0,87.01,83.0,0.0,24.0
2018-05-09 23:01:00,23.0,87.01,83.0,0.0,24.0
2018-05-09 23:02:00,23.0,87.01,83.0,0.0,24.0
2018-05-09 23:03:00,23.0,87.01,83.0,0.0,24.0
2018-05-09 23:04:00,23.0,86.84,83.0,0.0,24.0
2018-05-09 23:05:00,23.0,86.84,83.0,0.0,24.0
2018-05-09 23:06:00,23.0,86.84,83.0,0.0,24.0
2018-05-09 23:07:00,23.0,86.84,83.0,0.0,24.0
2018-05-09 23:08:00,23.0,86.84,83.0,0.0,24.0
2018-05-09 23:09:00,23.0,86.84,83.0,0.0,24.0
2018-05-09 23:10:00,23.0,86.84,83.0,0.0,24.0
2018-05-09 23:11:00,23.0,86.84,83.0,0.0,24.0
2018-05-09 23:12:00,23.0,86.84,83.0,0.0,24.0
2018-05-09 23:13:00,23.0,86.84,83.0,0.0,24.0
2018-05-09 23:14:00,23.0,86.68,83.0,0.0,24.0
2018-05-09 23:15:00,23.0,86.84,83.0,0.0,24.0
2018-05-09 23:16:00,23.0,86.68,83.0,0.0,24.0
2018-05-09 23:17:00,23.0,86.68,83.0,0.0,24.0
2018-05-09 23:18:00,23.0,86.68,83.0,0.0,24.0
2018-05-09 23:19:00,23.0,86.68,83.0,0.0,24.0
2018-05-09 23:20:00,23.0,86.68,83.0,0.0,24.0
2018-05-09 23:21:00,23.0,86.68,83.0,0.0,24.0
2018-05-09 23:22:00,23.0,86.68,83.0,0.0,24.0
2018-05-09 23:23:00,23.0,86.68,83.0,0.0,24.0
2018-05-09 23:24:00,23.0,86.68,83.0,0.0,24.0
2018-05-09 23:25:00,23.0,86.68,83.0,0.0,24.0
2018-05-09 23:26:00,23.0,86.68,83.0,0.0,24.0
2018-05-09 23:27:00,23.0,86.68,83.0,0.0,24.0
2018-05-09 23:28:00,23.0,86.68,83.0,0.0,24.0
2018-05-09 23:29:00,23.0,86.68,83.0,0.0,24.0
2018-05-09 23:30:00,23.0,86.68,83.0,0.0,24.0
2018-05-09 23:31:00,23.0,86.68,83.0,0.0,24.0
2018-05-09 23:32:00,23.0,86.68,83.0,0.0,23.0
2018-05-09 23:33:00,23.0,86.68,83.0,0.0,23.0
2018-05-09 23:34:00,23.0,86.68,83.0,0.0,23.0
2018-05-09 23:35:00,23.0,86.68,83.0,0.0,23.0
2018-05-09 23:36:00,23.0,86.68,83.0,0.0,23.0
2018-05-09 23:37:00,23.0,86.68,83.0,0.0,23.0
2018-05-09 23:38:00,23.0,86.68,82.0,0.0,23.0
2018-05-09 23:39:00,23.0,86.52,82.0,0.0,23.0
2018-05-09 23:40:00,23.0,86.52,82.0,0.0,23.0
2018-05-09 23:41:00,23.0,86.52,82.0,0.0,23.0
2018-05-09 23:42:00,23.0,86.52,82.0,0.0,23.0
2018-05-09 23:43:00,23.0,86.52,82.0,0.0,23.0
2018-05-09 23:44:00,23.0,86.52,82.0,0.0,23.0
2018-05-09 23:45:00,23.0,86.52,82.0,0.0,23.0
2018-05-09 23:46:00,23.0,86.52,82.0,0.0,23.0
2018-05-09 23:47:00,23.0,86.52,82.0,0.0,23.0
2018-05-09 23:48:00,23.0,86.52,83.0,0.0,23.0
2018-05-09 23:49:00,23.0,86.52,83.0,0.0,23.0
2018-05-09 23:50:00,23.0,86.52,83.0,0.0,23.0
2018-05-09 23:51:00,23.0,86.52,83.0,0.0,23.0
2018-05-09 23:52:00,23.0,86.52,83.0,0.0,23.0
2018-05-09 23:53:00,23.0,86.36,83.0,0.0,23.0
2018-05-09 23:54:00,23.0,86.36,83.0,0.0,23.0
2018-05-09 23:55:00,23.0,86.52,83.0,0.0,23.0
2018-05-09 23:56:00,23.0,86.36,83.0,0.0,23.0
2018-05-09 23:57:00,23.0,86.36,83.0,0.0,23.0
2018-05-09 23:58:00,23.0,86.36,83.0,0.0,23.0
2018-05-09 23:59:00,23.0,86.36,83.0,0.0,23.0
2018-05-10 00:00:00,0.0,86.36,83.0,0.0,23.0
2018-05-10 00:01:00,0.0,86.36,83.0,0.0,23.0
2018-05-10 00:02:00,0.0,86.2,83.0,0.0,23.0
2018-05-10 00:03:00,0.0,86.36,83.0,0.0,23.0
2018-05-10 00:04:00,0.0,86.2,83.0,0.0,23.0
2018-05-10 00:05:00,0.0,86.2,83.0,0.0,23.0
2018-05-10 00:06:00,0.0,86.2,83.0,0.0,23.0
2018-05-10 00:07:00,0.0,86.2,83.0,0.0,23.0
2018-05-10 00:08:00,0.0,86.2,83.0,0.0,23.0
2018-05-10 00:09:00,0.0,86.2,83.0,0.0,23.0
2018-05-10 00:10:00,0.0,86.2,83.0,0.0,23.0
2018-05-10 00:11:00,0.0,86.36,83.0,0.0,23.0
2018-05-10 00:12:00,0.0,86.2,83.0,0.0,23.0
2018-05-10 00:13:00,0.0,86.2,83.0,0.0,23.0
2018-05-10 00:14:00,0.0,86.2,83.0,0.0,23.0
2018-05-10 00:15:00,0.0,86.2,83.0,0.0,23.0
2018-05-10 00:16:00,0.0,86.2,83.0,0.0,23.0
2018-05-10 00:17:00,0.0,86.2,83.0,0.0,23.0
2018-05-10 00:18:00,0.0,86.2,83.0,0.0,23.0
2018-05-10 00:19:00,0.0,86.04,85.0,0.0,23.0
2018-05-10 00:20:00,0.0,86.04,85.0,0.0,23.0
2018-05-10 00:21:00,0.0,86.04,85.0,0.0,23.0
2018-05-10 00:22:00,0.0,86.04,87.0,0.0,23.0
2018-05-10 00:23:00,0.0,86.04,87.0,0.0,23.0
2018-05-10 00:24:00,0.0,86.04,87.0,0.0,23.0
2018-05-10 00:25:00,0.0,85.88,87.0,0.0,23.0
2018-05-10 00:26:00,0.0,86.04,87.0,0.0,23.0
2018-05-10 00:27:00,0.0,85.88,87.0,0.0,23.0
2018-05-10 00:28:00,0.0,85.88,87.0,0.0,23.0
2018-05-10 00:29:00,0.0,85.88,87.0,0.0,23.0
2018-05-10 00:30:00,0.0,85.88,87.0,0.0,23.0
2018-05-10 00:31:00,0.0,85.88,87.0,0.0,23.0
2018-05-10 00:32:00,0.0,85.88,87.0,0.0,23.0
2018-05-10 00:33:00,0.0,85.88,87.0,0.0,23.0
2018-05-10 00:34:00,0.0,85.88,87.0,0.0,23.0
2018-05-10 00:35:00,0.0,85.88,87.0,0.0,23.0
2018-05-10 00:36:00,0.0,85.72,87.0,0.0,23.0
2018-05-10 00:37:00,0.0,85.72,87.0,0.0,23.0
2018-05-10 00:38:00,0.0,85.72,87.0,0.0,23.0
2018-05-10 00:39:00,0.0,85.72,87.0,0.0,23.0
2018-05-10 00:40:00,0.0,85.72,87.0,0.0,23.0
2018-05-10 00:41:00,0.0,85.72,87.0,0.0,23.0
2018-05-10 00:42:00,0.0,85.56,87.0,0.0,23.0
2018-05-10 00:43:00,0.0,85.56,87.0,0.0,23.0
2018-05-10 00:44:00,0.0,85.56,87.0,0.0,23.0
2018-05-10 00:45:00,0.0,85.56,87.0,0.0,23.0
2018-05-10 00:46:00,0.0,85.56,87.0,0.0,23.0
2018-05-10 00:47:00,0.0,85.56,87.0,0.0,23.0
2018-05-10 00:48:00,0.0,85.56,87.0,0.0,23.0
2018-05-10 00:49:00,0.0,85.56,87.0,0.0,23.0
2018-05-10 00:50:00,0.0,85.56,87.0,0.0,23.0
2018-05-10 00:51:00,0.0,85.4,87.0,0.0,23.0
2018-05-10 00:52:00,0.0,85.56,87.0,0.0,23.0
2018-05-10 00:53:00,0.0,85.4,87.0,0.0,23.0
2018-05-10 00:54:00,0.0,85.4,87.0,0.0,23.0
2018-05-10 00:55:00,0.0,85.4,87.0,0.0,23.0
2018-05-10 00:56:00,0.0,85.4,87.0,0.0,23.0
2018-05-10 00:57:00,0.0,85.4,87.0,0.0,23.0
2018-05-10 00:58:00,0.0,85.4,87.0,0.0,23.0
2018-05-10 00:59:00,0.0,85.4,87.0,0.0,23.0
2018-05-10 01:00:00,1.0,85.4,87.0,0.0,23.0
2018-05-10 01:01:00,1.0,85.4,87.0,0.0,23.0
2018-05-10 01:02:00,1.0,85.4,87.0,0.0,23.0
2018-05-10 01:03:00,1.0,85.4,87.0,0.0,23.0
2018-05-10 01:04:00,1.0,85.4,87.0,0.0,23.0
2018-05-10 01:05:00,1.0,85.4,87.0,0.0,23.0
2018-05-10 01:06:00,1.0,85.24,87.0,0.0,23.0
2018-05-10 01:07:00,1.0,85.24,87.0,0.0,23.0
2018-05-10 01:08:00,1.0,85.24,87.0,0.0,23.0
2018-05-10 01:09:00,1.0,85.24,87.0,0.0,23.0
2018-05-10 01:10:00,1.0,85.24,87.0,0.0,23.0
2018-05-10 01:11:00,1.0,85.24,87.0,0.0,23.0
2018-05-10 01:12:00,1.0,85.72,87.0,0.0,23.0
2018-05-10 01:13:00,1.0,85.4,90.0,0.0,23.0
2018-05-10 01:14:00,1.0,85.4,90.0,0.0,23.0
2018-05-10 01:15:00,1.0,85.24,90.0,0.0,23.0
2018-05-10 01:16:00,1.0,85.24,90.0,0.0,23.0
2018-05-10 01:17:00,1.0,85.24,90.0,0.0,23.0
2018-05-10 01:18:00,1.0,85.24,90.0,0.0,23.0
2018-05-10 01:19:00,1.0,85.24,90.0,0.0,23.0
2018-05-10 01:20:00,1.0,85.24,90.0,0.0,23.0
2018-05-10 01:21:00,1.0,85.08,90.0,0.0,23.0
2018-05-10 01:22:00,1.0,85.08,90.0,0.0,23.0
2018-05-10 01:23:00,1.0,85.08,90.0,0.0,23.0
2018-05-10 01:24:00,1.0,85.08,90.0,0.0,23.0
2018-05-10 01:25:00,1.0,85.08,90.0,0.0,23.0
2018-05-10 01:26:00,1.0,85.08,90.0,0.0,23.0
2018-05-10 01:27:00,1.0,85.08,90.0,0.0,23.0
2018-05-10 01:28:00,1.0,84.92,90.0,0.0,23.0
2018-05-10 01:29:00,1.0,84.92,90.0,0.0,23.0
2018-05-10 01:30:00,1.0,84.92,90.0,0.0,23.0
2018-05-10 01:31:00,1.0,84.92,90.0,0.0,23.0
2018-05-10 01:32:00,1.0,84.92,90.0,0.0,23.0
2018-05-10 01:33:00,1.0,84.76,90.0,0.0,23.0
2018-05-10 01:34:00,1.0,84.92,90.0,0.0,23.0
2018-05-10 01:35:00,1.0,84.92,90.0,0.0,23.0
2018-05-10 01:36:00,1.0,84.76,90.0,0.0,23.0
2018-05-10 01:37:00,1.0,84.76,90.0,0.0,23.0
2018-05-10 01:38:00,1.0,84.76,90.0,0.0,23.0
2018-05-10 01:39:00,1.0,84.76,90.0,0.0,23.0
2018-05-10 01:40:00,1.0,84.76,90.0,0.0,23.0
2018-05-10 01:41:00,1.0,84.6,90.0,0.0,23.0
2018-05-10 01:42:00,1.0,84.6,90.0,0.0,23.0
2018-05-10 01:43:00,1.0,84.6,90.0,0.0,23.0
2018-05-10 01:44:00,1.0,84.6,90.0,0.0,23.0
2018-05-10 01:45:00,1.0,84.6,90.0,0.0,23.0
2018-05-10 01:46:00,1.0,84.6,90.0,0.0,23.0
2018-05-10 01:47:00,1.0,84.6,90.0,0.0,23.0
2018-05-10 01:48:00,1.0,84.6,90.0,0.0,23.0
2018-05-10 01:49:00,1.0,84.6,90.0,0.0,23.0
2018-05-10 01:50:00,1.0,84.6,90.0,0.0,23.0
2018-05-10 01:51:00,1.0,84.44,90.0,0.0,23.0
2018-05-10 01:52:00,1.0,84.44,90.0,0.0,23.0
2018-05-10 01:53:00,1.0,84.44,90.0,0.0,23.0
2018-05-10 01:54:00,1.0,84.44,90.0,0.0,23.0
2018-05-10 01:55:00,1.0,84.44,90.0,0.0,23.0
2018-05-10 01:56:00,1.0,84.44,90.0,0.0,23.0
2018-05-10 01:57:00,1.0,84.44,90.0,0.0,23.0
2018-05-10 01:58:00,1.0,84.28,90.0,0.0,23.0
2018-05-10 01:59:00,1.0,84.28,90.0,0.0,23.0
2018-05-10 02:00:00,2.0,84.28,90.0,0.0,23.0
2018-05-10 02:01:00,2.0,84.28,90.0,0.0,23.0
2018-05-10 02:02:00,2.0,84.28,90.0,0.0,23.0
2018-05-10 02:03:00,2.0,84.28,90.0,0.0,23.0
2018-05-10 02:04:00,2.0,84.28,90.0,0.0,23.0
2018-05-10 02:05:00,2.0,84.44,90.0,0.0,23.0
2018-05-10 02:06:00,2.0,84.6,90.0,0.0,23.0
2018-05-10 02:07:00,2.0,84.6,90.0,0.0,23.0
2018-05-10 02:08:00,2.0,84.6,90.0,0.0,23.0
2018-05-10 02:09:00,2.0,84.6,90.0,0.0,23.0
2018-05-10 02:10:00,2.0,84.6,90.0,0.0,23.0
2018-05-10 02:11:00,2.0,84.6,90.0,0.0,23.0
2018-05-10 02:12:00,2.0,84.6,90.0,0.0,23.0
2018-05-10 02:13:00,2.0,84.6,90.0,0.0,23.0
2018-05-10 02:14:00,2.0,84.44,91.0,0.0,22.0
2018-05-10 02:15:00,2.0,84.44,90.0,0.0,23.0
2018-05-10 02:16:00,2.0,84.44,91.0,0.0,22.0
2018-05-10 02:17:00,2.0,84.44,90.0,0.0,23.0
2018-05-10 02:18:00,2.0,84.44,90.0,0.0,23.0
2018-05-10 02:19:00,2.0,84.44,90.0,0.0,23.0
2018-05-10 02:20:00,2.0,84.28,90.0,0.0,23.0
2018-05-10 02:21:00,2.0,84.28,90.0,0.0,23.0
2018-05-10 02:22:00,2.0,84.28,90.0,0.0,23.0
2018-05-10 02:23:00,2.0,84.28,90.0,0.0,23.0
2018-05-10 02:24:00,2.0,84.28,91.0,0.0,22.0
2018-05-10 02:25:00,2.0,84.28,91.0,0.0,23.0
2018-05-10 02:26:00,2.0,84.28,91.0,0.0,23.0
2018-05-10 02:27:00,2.0,84.28,91.0,0.0,23.0
2018-05-10 02:28:00,2.0,84.28,93.0,0.0,23.0
2018-05-10 02:29:00,2.0,84.12,93.0,0.0,23.0
2018-05-10 02:30:00,2.0,84.12,93.0,0.0,23.0
2018-05-10 02:31:00,2.0,84.12,93.0,0.0,23.0
2018-05-10 02:32:00,2.0,84.12,93.0,0.0,23.0
2018-05-10 02:33:00,2.0,84.12,94.0,0.0,22.0
2018-05-10 02:34:00,2.0,84.12,93.0,0.0,23.0
2018-05-10 02:35:00,2.0,84.12,93.0,0.0,23.0
2018-05-10 02:36:00,2.0,83.96,94.0,0.0,22.0
2018-05-10 02:37:00,2.0,83.96,93.0,0.0,23.0
2018-05-10 02:38:00,2.0,83.96,93.0,0.0,23.0
2018-05-10 02:39:00,2.0,83.96,94.0,0.0,22.0
2018-05-10 02:40:00,2.0,83.96,93.0,0.0,23.0
2018-05-10 02:41:00,2.0,83.8,93.0,0.0,23.0
2018-05-10 02:42:00,2.0,83.96,94.0,0.0,22.0
2018-05-10 02:43:00,2.0,83.8,94.0,0.0,22.0
2018-05-10 02:44:00,2.0,83.8,94.0,0.0,22.0
2018-05-10 02:45:00,2.0,83.8,93.0,0.0,23.0
2018-05-10 02:46:00,2.0,83.8,94.0,0.0,22.0
2018-05-10 02:47:00,2.0,83.8,93.0,0.0,23.0
2018-05-10 02:48:00,2.0,83.8,94.0,0.0,22.0
2018-05-10 02:49:00,2.0,83.8,93.0,0.0,23.0
2018-05-10 02:50:00,2.0,83.63,94.0,0.0,22.0
2018-05-10 02:51:00,2.0,83.63,93.0,0.0,23.0
2018-05-10 02:52:00,2.0,83.63,93.0,0.0,23.0
2018-05-10 02:53:00,2.0,83.63,93.0,0.0,23.0
2018-05-10 02:54:00,2.0,83.63,93.0,0.0,23.0
2018-05-10 02:55:00,2.0,83.63,94.0,0.0,22.0
2018-05-10 02:56:00,2.0,83.47,93.0,0.0,23.0
2018-05-10 02:57:00,2.0,83.63,94.0,0.0,22.0
2018-05-10 02:58:00,2.0,83.47,93.0,0.0,23.0
2018-05-10 02:59:00,2.0,83.47,93.0,0.0,23.0
2018-05-10 03:00:00,3.0,83.47,93.0,0.0,23.0
2018-05-10 03:01:00,3.0,83.47,93.0,0.0,23.0
2018-05-10 03:02:00,3.0,83.31,94.0,0.0,22.0
2018-05-10 03:03:00,3.0,83.31,94.0,0.0,22.0
2018-05-10 03:04:00,3.0,83.31,94.0,0.0,22.0
2018-05-10 03:05:00,3.0,83.31,94.0,0.0,22.0
2018-05-10 03:06:00,3.0,83.31,94.0,0.0,22.0
2018-05-10 03:07:00,3.0,83.31,94.0,0.0,22.0
2018-05-10 03:08:00,3.0,83.31,94.0,0.0,22.0
2018-05-10 03:09:00,3.0,83.15,94.0,0.0,22.0
2018-05-10 03:10:00,3.0,83.15,94.0,0.0,22.0
2018-05-10 03:11:00,3.0,83.15,94.0,0.0,22.0
2018-05-10 03:12:00,3.0,83.15,94.0,0.0,22.0
2018-05-10 03:13:00,3.0,83.15,94.0,0.0,22.0
2018-05-10 03:14:00,3.0,83.15,94.0,0.0,22.0
2018-05-10 03:15:00,3.0,83.15,94.0,0.0,22.0
2018-05-10 03:16:00,3.0,83.15,93.0,0.0,23.0
2018-05-10 03:17:00,3.0,83.15,94.0,0.0,22.0
2018-05-10 03:18:00,3.0,82.99,94.0,0.0,22.0
2018-05-10 03:19:00,3.0,82.99,94.0,0.0,22.0
2018-05-10 03:20:00,3.0,82.99,94.0,0.0,22.0
2018-05-10 03:21:00,3.0,82.99,94.0,0.0,22.0
2018-05-10 03:22:00,3.0,82.83,94.0,0.0,22.0
2018-05-10 03:23:00,3.0,82.99,94.0,0.0,22.0
2018-05-10 03:24:00,3.0,82.83,94.0,0.0,22.0
2018-05-10 03:25:00,3.0,82.83,94.0,0.0,22.0
2018-05-10 03:26:00,3.0,82.83,94.0,0.0,22.0
2018-05-10 03:27:00,3.0,82.83,94.0,0.0,22.0
2018-05-10 03:28:00,3.0,82.83,94.0,0.0,22.0
2018-05-10 03:29:00,3.0,82.83,94.0,0.0,22.0
2018-05-10 03:30:00,3.0,82.83,94.0,0.0,22.0
2018-05-10 03:31:00,3.0,82.83,94.0,0.0,22.0
2018-05-10 03:32:00,3.0,82.83,94.0,0.0,22.0
2018-05-10 03:33:00,3.0,82.83,94.0,0.0,22.0
2018-05-10 03:34:00,3.0,82.67,94.0,0.0,22.0
2018-05-10 03:35:00,3.0,82.67,94.0,0.0,22.0
2018-05-10 03:36:00,3.0,82.67,94.0,0.0,22.0
2018-05-10 03:37:00,3.0,82.67,94.0,0.0,22.0
2018-05-10 03:38:00,3.0,82.67,94.0,0.0,22.0
2018-05-10 03:39:00,3.0,82.51,94.0,0.0,22.0
2018-05-10 03:40:00,3.0,82.51,94.0,0.0,22.0
2018-05-10 03:41:00,3.0,82.51,94.0,0.0,22.0
2018-05-10 03:42:00,3.0,82.35,95.0,0.0,22.0
2018-05-10 03:43:00,3.0,82.35,95.0,0.0,22.0
2018-05-10 03:44:00,3.0,82.35,95.0,0.0,22.0
2018-05-10 03:45:00,3.0,82.35,95.0,0.0,22.0
2018-05-10 03:46:00,3.0,82.35,95.0,0.0,22.0
2018-05-10 03:47:00,3.0,82.35,95.0,0.0,22.0
2018-05-10 03:48:00,3.0,82.35,95.0,0.0,22.0
2018-05-10 03:49:00,3.0,82.19,94.0,0.0,23.0
2018-05-10 03:50:00,3.0,82.19,95.0,0.0,22.0
2018-05-10 03:51:00,3.0,82.19,95.0,0.0,22.0
2018-05-10 03:52:00,3.0,82.19,95.0,0.0,22.0
2018-05-10 03:53:00,3.0,82.19,95.0,0.0,22.0
2018-05-10 03:54:00,3.0,82.19,94.0,0.0,23.0
2018-05-10 03:55:00,3.0,82.19,95.0,0.0,22.0
2018-05-10 03:56:00,3.0,82.19,95.0,0.0,22.0
2018-05-10 03:57:00,3.0,82.19,94.0,0.0,23.0
2018-05-10 03:58:00,3.0,82.03,95.0,0.0,22.0
2018-05-10 03:59:00,3.0,82.03,95.0,0.0,22.0
2018-05-10 04:00:00,4.0,82.03,95.0,0.0,22.0
2018-05-10 04:01:00,4.0,82.03,95.0,0.0,22.0
2018-05-10 04:02:00,4.0,82.03,95.0,0.0,22.0
2018-05-10 04:03:00,4.0,82.03,95.0,0.0,22.0
2018-05-10 04:04:00,4.0,82.03,95.0,0.0,22.0
2018-05-10 04:05:00,4.0,82.03,95.0,0.0,22.0
2018-05-10 04:06:00,4.0,81.87,95.0,0.0,22.0
2018-05-10 04:07:00,4.0,81.87,95.0,0.0,22.0
2018-05-10 04:08:00,4.0,81.87,95.0,0.0,22.0
2018-05-10 04:09:00,4.0,81.87,95.0,0.0,22.0
2018-05-10 04:10:00,4.0,81.87,95.0,0.0,22.0
2018-05-10 04:11:00,4.0,81.87,95.0,0.0,22.0
2018-05-10 04:12:00,4.0,81.87,95.0,0.0,22.0
2018-05-10 04:13:00,4.0,81.87,95.0,0.0,22.0
2018-05-10 04:14:00,4.0,81.87,95.0,0.0,22.0
2018-05-10 04:15:00,4.0,81.71,95.0,0.0,22.0
2018-05-10 04:16:00,4.0,81.71,95.0,0.0,22.0
2018-05-10 04:17:00,4.0,81.71,95.0,0.0,22.0
2018-05-10 04:18:00,4.0,81.71,95.0,0.0,22.0
2018-05-10 04:19:00,4.0,81.71,95.0,0.0,22.0
2018-05-10 04:20:00,4.0,81.71,95.0,0.0,22.0
2018-05-10 04:21:00,4.0,81.71,95.0,0.0,22.0
2018-05-10 04:22:00,4.0,81.71,95.0,0.0,22.0
2018-05-10 04:23:00,4.0,81.71,95.0,0.0,22.0
2018-05-10 04:24:00,4.0,81.71,95.0,0.0,22.0
2018-05-10 04:25:00,4.0,81.71,95.0,0.0,22.0
2018-05-10 04:26:00,4.0,81.55,95.0,0.0,22.0
2018-05-10 04:27:00,4.0,81.55,95.0,0.0,22.0
2018-05-10 04:28:00,4.0,81.55,95.0,0.0,22.0
2018-05-10 04:29:00,4.0,81.55,95.0,0.0,22.0
2018-05-10 04:30:00,4.0,81.55,95.0,0.0,22.0
2018-05-10 04:31:00,4.0,81.55,95.0,0.0,22.0
2018-05-10 04:32:00,4.0,81.55,95.0,0.0,22.0
2018-05-10 04:33:00,4.0,81.55,95.0,0.0,22.0
2018-05-10 04:34:00,4.0,81.55,95.0,0.0,22.0
2018-05-10 04:35:00,4.0,81.55,95.0,0.0,22.0
2018-05-10 04:36:00,4.0,81.39,94.0,0.0,23.0
2018-05-10 04:37:00,4.0,81.55,94.0,0.0,23.0
2018-05-10 04:38:00,4.0,81.55,94.0,0.0,23.0
2018-05-10 04:39:00,4.0,81.39,94.0,0.0,23.0
2018-05-10 04:40:00,4.0,81.39,94.0,0.0,23.0
2018-05-10 04:41:00,4.0,81.39,95.0,0.0,22.0
2018-05-10 04:42:00,4.0,81.39,95.0,0.0,22.0
2018-05-10 04:43:00,4.0,81.39,95.0,0.0,22.0
2018-05-10 04:44:00,4.0,81.39,95.0,0.0,22.0
2018-05-10 04:45:00,4.0,81.23,95.0,0.0,22.0
2018-05-10 04:46:00,4.0,81.23,95.0,0.0,22.0
2018-05-10 04:47:00,4.0,81.39,95.0,0.0,22.0
2018-05-10 04:48:00,4.0,81.23,95.0,0.0,22.0
2018-05-10 04:49:00,4.0,81.23,95.0,0.0,22.0
2018-05-10 04:50:00,4.0,81.23,95.0,0.0,22.0
2018-05-10 04:51:00,4.0,81.23,95.0,0.0,22.0
2018-05-10 04:52:00,4.0,81.23,95.0,0.0,22.0
2018-05-10 04:53:00,4.0,81.23,95.0,0.0,22.0
2018-05-10 04:54:00,4.0,81.07,95.0,0.0,22.0
2018-05-10 04:55:00,4.0,81.07,95.0,0.0,22.0
2018-05-10 04:56:00,4.0,81.07,95.0,0.0,22.0
2018-05-10 04:57:00,4.0,81.07,95.0,0.0,22.0
2018-05-10 04:58:00,4.0,81.07,95.0,0.0,22.0
2018-05-10 04:59:00,4.0,81.23,95.0,0.0,22.0
2018-05-10 05:00:00,5.0,81.07,95.0,0.0,22.0
2018-05-10 05:01:00,5.0,81.07,95.0,0.0,22.0
2018-05-10 05:02:00,5.0,81.07,95.0,0.0,22.0
2018-05-10 05:03:00,5.0,81.07,95.0,0.0,22.0
2018-05-10 05:04:00,5.0,81.07,95.0,0.0,22.0
2018-05-10 05:05:00,5.0,81.07,95.0,0.0,22.0
2018-05-10 05:06:00,5.0,81.07,95.0,0.0,22.0
2018-05-10 05:07:00,5.0,80.91,95.0,0.0,22.0
2018-05-10 05:08:00,5.0,80.91,95.0,0.0,22.0
2018-05-10 05:09:00,5.0,80.91,95.0,0.0,22.0
2018-05-10 05:10:00,5.0,80.91,95.0,0.0,22.0
2018-05-10 05:11:00,5.0,81.07,95.0,5.0,22.0
2018-05-10 05:12:00,5.0,80.91,95.0,5.0,22.0
2018-05-10 05:13:00,5.0,80.91,95.0,17.0,22.0
2018-05-10 05:14:00,5.0,80.91,95.0,23.0,22.0
2018-05-10 05:15:00,5.0,80.91,95.0,41.0,22.0
2018-05-10 05:16:00,5.0,80.91,95.0,70.0,22.0
2018-05-10 05:17:00,5.0,80.91,95.0,134.0,22.0
2018-05-10 05:18:00,5.0,80.91,95.0,187.0,22.0
2018-05-10 05:19:00,5.0,80.91,95.0,181.0,22.0
2018-05-10 05:20:00,5.0,80.91,95.0,181.0,22.0
2018-05-10 05:21:00,5.0,80.91,95.0,193.0,22.0
2018-05-10 05:22:00,5.0,80.91,95.0,252.0,22.0
2018-05-10 05:23:00,5.0,80.91,95.0,258.0,22.0
2018-05-10 05:24:00,5.0,80.75,95.0,217.0,22.0
2018-05-10 05:25:00,5.0,80.91,95.0,205.0,22.0
2018-05-10 05:26:00,5.0,80.75,95.0,211.0,22.0
2018-05-10 05:27:00,5.0,80.75,95.0,246.0,22.0
2018-05-10 05:28:00,5.0,80.75,95.0,310.0,22.0
2018-05-10 05:29:00,5.0,80.75,95.0,410.0,22.0
2018-05-10 05:30:00,5.0,80.75,95.0,533.0,22.0
2018-05-10 05:31:00,5.0,80.75,95.0,668.0,22.0
2018-05-10 05:32:00,5.0,80.75,95.0,821.0,22.0
2018-05-10 05:33:00,5.0,80.75,95.0,979.0,22.0
2018-05-10 05:34:00,5.0,80.75,95.0,1014.0,22.0
2018-05-10 05:35:00,5.0,80.75,95.0,1272.0,22.0
2018-05-10 05:36:00,5.0,80.59,95.0,1431.0,22.0
2018-05-10 05:37:00,5.0,80.59,95.0,1671.0,22.0
2018-05-10 05:38:00,5.0,80.59,95.0,1876.0,22.0
2018-05-10 05:39:00,5.0,80.59,95.0,1912.0,22.0
2018-05-10 05:40:00,5.0,80.59,95.0,2205.0,22.0
2018-05-10 05:41:00,5.0,80.59,95.0,2404.0,22.0
2018-05-10 05:42:00,5.0,80.59,95.0,2498.0,22.0
2018-05-10 05:43:00,5.0,80.42,95.0,2862.0,22.0
2018-05-10 05:44:00,5.0,80.59,95.0,3085.0,22.0
2018-05-10 05:45:00,5.0,80.42,95.0,3278.0,22.0
2018-05-10 05:46:00,5.0,80.42,95.0,3478.0,22.0
2018-05-10 05:47:00,5.0,80.42,95.0,3659.0,22.0
2018-05-10 05:48:00,5.0,80.42,95.0,3835.0,22.0
2018-05-10 05:49:00,5.0,80.42,95.0,4011.0,22.0
2018-05-10 05:50:00,5.0,80.42,95.0,4181.0,22.0
2018-05-10 05:51:00,5.0,80.42,95.0,4346.0,22.0
2018-05-10 05:52:00,5.0,80.42,95.0,4492.0,22.0
2018-05-10 05:53:00,5.0,80.26,95.0,4627.0,22.0
2018-05-10 05:54:00,5.0,80.42,95.0,4762.0,22.0
2018-05-10 05:55:00,5.0,80.42,95.0,4879.0,22.0
2018-05-10 05:56:00,5.0,80.26,95.0,4991.0,22.0
2018-05-10 05:57:00,5.0,80.42,95.0,5096.0,22.0
2018-05-10 05:58:00,5.0,80.26,95.0,5202.0,22.0
2018-05-10 05:59:00,5.0,80.26,95.0,5307.0,22.0
2018-05-10 06:00:00,6.0,80.26,95.0,5395.0,22.0
2018-05-10 06:01:00,6.0,80.26,95.0,5460.0,22.0
2018-05-10 06:02:00,6.0,80.26,95.0,5501.0,22.0
2018-05-10 06:03:00,6.0,80.26,95.0,5524.0,23.0
2018-05-10 06:04:00,6.0,80.26,95.0,5548.0,23.0
2018-05-10 06:05:00,6.0,80.26,95.0,5560.0,23.0
2018-05-10 06:06:00,6.0,80.26,95.0,5577.0,23.0
2018-05-10 06:07:00,6.0,80.1,95.0,5589.0,23.0
2018-05-10 06:08:00,6.0,80.1,95.0,5601.0,23.0
2018-05-10 06:09:00,6.0,80.1,95.0,5612.0,23.0
2018-05-10 06:10:00,6.0,80.26,95.0,5618.0,23.0
2018-05-10 06:11:00,6.0,80.1,95.0,5624.0,23.0
2018-05-10 06:12:00,6.0,80.1,95.0,5630.0,23.0
2018-05-10 06:13:00,6.0,80.1,95.0,5636.0,23.0
2018-05-10 06:14:00,6.0,80.1,95.0,5636.0,23.0
2018-05-10 06:15:00,6.0,80.1,95.0,5642.0,23.0
2018-05-10 06:16:00,6.0,80.1,95.0,5648.0,23.0
2018-05-10 06:17:00,6.0,80.1,95.0,5653.0,23.0
2018-05-10 06:18:00,6.0,80.1,95.0,5659.0,23.0
2018-05-10 06:19:00,6.0,80.1,95.0,5665.0,23.0
2018-05-10 06:20:00,6.0,80.1,95.0,5671.0,23.0
2018-05-10 06:21:00,6.0,79.94,95.0,5677.0,23.0
2018-05-10 06:22:00,6.0,79.94,95.0,5689.0,23.0
2018-05-10 06:23:00,6.0,79.94,95.0,5695.0,23.0
2018-05-10 06:24:00,6.0,79.94,95.0,5700.0,23.0
2018-05-10 06:25:00,6.0,79.94,95.0,5700.0,23.0
2018-05-10 06:26:00,6.0,79.94,95.0,5706.0,23.0
2018-05-10 06:27:00,6.0,79.94,95.0,5712.0,23.0
2018-05-10 06:28:00,6.0,79.94,95.0,5718.0,23.0
2018-05-10 06:29:00,6.0,79.78,95.0,5718.0,23.0
2018-05-10 06:30:00,6.0,79.78,95.0,5724.0,23.0
2018-05-10 06:31:00,6.0,79.78,95.0,5724.0,23.0
2018-05-10 06:32:00,6.0,79.78,95.0,5730.0,23.0
2018-05-10 06:33:00,6.0,79.78,95.0,5730.0,23.0
2018-05-10 06:34:00,6.0,79.78,95.0,5736.0,23.0
2018-05-10 06:35:00,6.0,79.78,95.0,5741.0,23.0
2018-05-10 06:36:00,6.0,79.78,95.0,5741.0,23.0
2018-05-10 06:37:00,6.0,79.78,95.0,5747.0,23.0
2018-05-10 06:38:00,6.0,79.78,95.0,5747.0,23.0
2018-05-10 06:39:00,6.0,79.78,95.0,5747.0,23.0
2018-05-10 06:40:00,6.0,79.62,95.0,5753.0,23.0
2018-05-10 06:41:00,6.0,79.78,95.0,5753.0,23.0
2018-05-10 06:42:00,6.0,79.62,95.0,5753.0,23.0
2018-05-10 06:43:00,6.0,79.62,95.0,5759.0,23.0
2018-05-10 06:44:00,6.0,79.62,95.0,5759.0,24.0
2018-05-10 06:45:00,6.0,79.62,95.0,5759.0,24.0
2018-05-10 06:46:00,6.0,79.62,95.0,5759.0,24.0
2018-05-10 06:47:00,6.0,79.62,95.0,5759.0,24.0
2018-05-10 06:48:00,6.0,79.62,95.0,5765.0,24.0
2018-05-10 06:49:00,6.0,79.62,95.0,5765.0,24.0
2018-05-10 06:50:00,6.0,79.62,95.0,5765.0,24.0
2018-05-10 06:51:00,6.0,79.62,95.0,5765.0,24.0
2018-05-10 06:52:00,6.0,79.62,95.0,5765.0,24.0
2018-05-10 06:53:00,6.0,79.62,95.0,5771.0,24.0
2018-05-10 06:54:00,6.0,79.62,95.0,5771.0,24.0
2018-05-10 06:55:00,6.0,79.62,95.0,5771.0,24.0
2018-05-10 06:56:00,6.0,79.46,95.0,5771.0,24.0
2018-05-10 06:57:00,6.0,79.62,95.0,5771.0,24.0
2018-05-10 06:58:00,6.0,79.46,95.0,5771.0,24.0
2018-05-10 06:59:00,6.0,79.46,95.0,5777.0,24.0
2018-05-10 07:00:00,7.0,79.62,95.0,5777.0,24.0
2018-05-10 07:01:00,7.0,79.62,95.0,5777.0,24.0
2018-05-10 07:02:00,7.0,79.46,95.0,5777.0,24.0
2018-05-10 07:03:00,7.0,79.46,95.0,5777.0,24.0
2018-05-10 07:04:00,7.0,79.46,95.0,5777.0,24.0
2018-05-10 07:05:00,7.0,79.46,95.0,5782.0,24.0
2018-05-10 07:06:00,7.0,79.46,95.0,5782.0,24.0
2018-05-10 07:07:00,7.0,79.46,95.0,5771.0,24.0
2018-05-10 07:08:00,7.0,79.46,95.0,5765.0,24.0
2018-05-10 07:09:00,7.0,79.46,95.0,5782.0,24.0
2018-05-10 07:10:00,7.0,79.46,95.0,5777.0,24.0
2018-05-10 07:11:00,7.0,79.46,94.0,5788.0,24.0
2018-05-10 07:12:00,7.0,79.46,94.0,5794.0,24.0
2018-05-10 07:13:00,7.0,79.46,94.0,5794.0,24.0
2018-05-10 07:14:00,7.0,79.46,94.0,5794.0,24.0
2018-05-10 07:15:00,7.0,79.46,94.0,5788.0,24.0
2018-05-10 07:16:00,7.0,79.46,94.0,5782.0,24.0
2018-05-10 07:17:00,7.0,79.46,94.0,5782.0,24.0
2018-05-10 07:18:00,7.0,79.46,94.0,5782.0,24.0
2018-05-10 07:19:00,7.0,79.46,94.0,5771.0,24.0
2018-05-10 07:20:00,7.0,79.46,94.0,5782.0,24.0
2018-05-10 07:21:00,7.0,79.46,94.0,5782.0,24.0
2018-05-10 07:22:00,7.0,79.46,94.0,5782.0,24.0
2018-05-10 07:23:00,7.0,79.3,94.0,5782.0,24.0
2018-05-10 07:24:00,7.0,79.46,94.0,5782.0,24.0
2018-05-10 07:25:00,7.0,79.3,94.0,5788.0,24.0
2018-05-10 07:26:00,7.0,79.3,94.0,5782.0,24.0
2018-05-10 07:27:00,7.0,79.46,94.0,5782.0,24.0
2018-05-10 07:28:00,7.0,79.3,94.0,5788.0,24.0
2018-05-10 07:29:00,7.0,79.3,94.0,5782.0,24.0
2018-05-10 07:30:00,7.0,79.3,94.0,5788.0,24.0
2018-05-10 07:31:00,7.0,79.3,94.0,5794.0,24.0
2018-05-10 07:32:00,7.0,79.3,94.0,5794.0,24.0
2018-05-10 07:33:00,7.0,79.3,94.0,5794.0,24.0
2018-05-10 07:34:00,7.0,79.3,93.0,5794.0,24.0
2018-05-10 07:35:00,7.0,79.3,93.0,5794.0,24.0
2018-05-10 07:36:00,7.0,79.46,93.0,5794.0,24.0
2018-05-10 07:37:00,7.0,79.46,93.0,5800.0,24.0
2018-05-10 07:38:00,7.0,79.3,93.0,5800.0,24.0
2018-05-10 07:39:00,7.0,79.46,93.0,5800.0,24.0
2018-05-10 07:40:00,7.0,79.46,93.0,5800.0,24.0
2018-05-10 07:41:00,7.0,79.3,93.0,5806.0,24.0
2018-05-10 07:42:00,7.0,79.3,93.0,5806.0,24.0
2018-05-10 07:43:00,7.0,79.3,93.0,5806.0,24.0
2018-05-10 07:44:00,7.0,79.3,91.0,5806.0,24.0
2018-05-10 07:45:00,7.0,79.3,90.0,5812.0,24.0
2018-05-10 07:46:00,7.0,79.3,89.0,5812.0,25.0
2018-05-10 07:47:00,7.0,79.3,89.0,5812.0,25.0
2018-05-10 07:48:00,7.0,79.3,89.0,5812.0,25.0
2018-05-10 07:49:00,7.0,79.3,89.0,5812.0,25.0
2018-05-10 07:50:00,7.0,79.14,89.0,5824.0,25.0
2018-05-10 07:51:00,7.0,79.14,86.0,5818.0,25.0
2018-05-10 07:52:00,7.0,79.14,86.0,5812.0,25.0
2018-05-10 07:53:00,7.0,78.98,86.0,5812.0,25.0
2018-05-10 07:54:00,7.0,79.14,86.0,5818.0,25.0
2018-05-10 07:55:00,7.0,78.98,86.0,5824.0,25.0
2018-05-10 07:56:00,7.0,79.14,86.0,5818.0,25.0
2018-05-10 07:57:00,7.0,78.98,82.0,5818.0,25.0
2018-05-10 07:58:00,7.0,79.14,82.0,5818.0,25.0
2018-05-10 07:59:00,7.0,79.14,82.0,5824.0,25.0
2018-05-10 08:00:00,8.0,79.14,81.0,5824.0,25.0
2018-05-10 08:01:00,8.0,79.14,80.0,5824.0,26.0
2018-05-10 08:02:00,8.0,79.14,80.0,5824.0,26.0
2018-05-10 08:03:00,8.0,79.14,80.0,5812.0,26.0
2018-05-10 08:04:00,8.0,79.14,79.0,5824.0,26.0
2018-05-10 08:05:00,8.0,78.98,79.0,5824.0,26.0
2018-05-10 08:06:00,8.0,79.14,77.0,5824.0,26.0
2018-05-10 08:07:00,8.0,78.98,77.0,5818.0,26.0
2018-05-10 08:08:00,8.0,78.98,77.0,5818.0,26.0
2018-05-10 08:09:00,8.0,78.98,76.0,5818.0,26.0
2018-05-10 08:10:00,8.0,78.98,76.0,5812.0,26.0
2018-05-10 08:11:00,8.0,78.98,76.0,5812.0,26.0
2018-05-10 08:12:00,8.0,78.98,76.0,5812.0,26.0
2018-05-10 08:13:00,8.0,78.98,75.0,5812.0,26.0
2018-05-10 08:14:00,8.0,78.98,75.0,5812.0,26.0
2018-05-10 08:15:00,8.0,78.98,74.0,5812.0,26.0
2018-05-10 08:16:00,8.0,78.98,74.0,5812.0,26.0
2018-05-10 08:17:00,8.0,78.82,73.0,5812.0,26.0
2018-05-10 08:18:00,8.0,78.82,73.0,5812.0,26.0
2018-05-10 08:19:00,8.0,78.82,73.0,5812.0,26.0
2018-05-10 08:20:00,8.0,78.82,73.0,5812.0,26.0
2018-05-10 08:21:00,8.0,78.82,73.0,5812.0,26.0
2018-05-10 08:22:00,8.0,78.82,72.0,5812.0,26.0
2018-05-10 08:23:00,8.0,78.82,72.0,5812.0,26.0
2018-05-10 08:24:00,8.0,78.82,72.0,5812.0,26.0
2018-05-10 08:25:00,8.0,78.82,72.0,5812.0,26.0
2018-05-10 08:26:00,8.0,78.82,71.0,5812.0,26.0
2018-05-10 08:27:00,8.0,78.82,71.0,5812.0,26.0
2018-05-10 08:28:00,8.0,78.82,71.0,5812.0,26.0
2018-05-10 08:29:00,8.0,78.82,71.0,5812.0,26.0
2018-05-10 08:30:00,8.0,78.66,71.0,5812.0,26.0
2018-05-10 08:31:00,8.0,78.66,71.0,5818.0,26.0
2018-05-10 08:32:00,8.0,78.66,71.0,5818.0,26.0
2018-05-10 08:33:00,8.0,78.66,71.0,5818.0,26.0
2018-05-10 08:34:00,8.0,78.66,71.0,5818.0,26.0
2018-05-10 08:35:00,8.0,78.66,71.0,5818.0,26.0
2018-05-10 08:36:00,8.0,78.66,71.0,5818.0,26.0
2018-05-10 08:37:00,8.0,78.66,71.0,5818.0,26.0
2018-05-10 08:38:00,8.0,78.66,70.0,5818.0,26.0
2018-05-10 08:39:00,8.0,78.82,70.0,5818.0,26.0
2018-05-10 08:40:00,8.0,78.82,70.0,5812.0,26.0
2018-05-10 08:41:00,8.0,78.82,70.0,5812.0,26.0
2018-05-10 08:42:00,8.0,78.82,70.0,5824.0,26.0
2018-05-10 08:43:00,8.0,78.82,70.0,5829.0,26.0
2018-05-10 08:44:00,8.0,78.98,70.0,5824.0,26.0
2018-05-10 08:45:00,8.0,78.98,70.0,5824.0,26.0
2018-05-10 08:46:00,8.0,78.98,69.0,5824.0,26.0
2018-05-10 08:47:00,8.0,78.98,69.0,5824.0,26.0
2018-05-10 08:48:00,8.0,78.82,69.0,5824.0,26.0
2018-05-10 08:49:00,8.0,78.98,69.0,5824.0,26.0
2018-05-10 08:50:00,8.0,78.98,68.0,5829.0,26.0
2018-05-10 08:51:00,8.0,78.98,68.0,5829.0,26.0
2018-05-10 08:52:00,8.0,78.98,68.0,5829.0,26.0
2018-05-10 08:53:00,8.0,78.98,66.0,5829.0,27.0
2018-05-10 08:54:00,8.0,78.98,66.0,5841.0,27.0
2018-05-10 08:55:00,8.0,78.98,66.0,5835.0,27.0
2018-05-10 08:56:00,8.0,78.98,67.0,5835.0,27.0
2018-05-10 08:57:00,8.0,78.98,66.0,5841.0,27.0
2018-05-10 08:58:00,8.0,78.98,66.0,5847.0,27.0
2018-05-10 08:59:00,8.0,79.14,65.0,5841.0,27.0
2018-05-10 09:00:00,9.0,78.98,65.0,5841.0,27.0
2018-05-10 09:01:00,9.0,78.98,65.0,5841.0,27.0
2018-05-10 09:02:00,9.0,79.14,65.0,5841.0,27.0
2018-05-10 09:03:00,9.0,78.98,65.0,5847.0,28.0
2018-05-10 09:04:00,9.0,78.98,65.0,5841.0,28.0
2018-05-10 09:05:00,9.0,79.14,64.0,5841.0,28.0
2018-05-10 09:06:00,9.0,78.98,64.0,5841.0,28.0
2018-05-10 09:07:00,9.0,79.14,64.0,5841.0,28.0
2018-05-10 09:08:00,9.0,78.98,64.0,5829.0,28.0
2018-05-10 09:09:00,9.0,78.98,64.0,5806.0,28.0
2018-05-10 09:10:00,9.0,79.14,64.0,5818.0,28.0
2018-05-10 09:11:00,9.0,79.14,64.0,5818.0,28.0
2018-05-10 09:12:00,9.0,78.98,63.0,5829.0,28.0
2018-05-10 09:13:00,9.0,78.98,63.0,5835.0,28.0
2018-05-10 09:14:00,9.0,78.98,63.0,5835.0,28.0
2018-05-10 09:15:00,9.0,78.98,63.0,5841.0,28.0
2018-05-10 09:16:00,9.0,78.98,63.0,5841.0,28.0
2018-05-10 09:17:00,9.0,78.98,63.0,5841.0,28.0
2018-05-10 09:18:00,9.0,78.98,63.0,5841.0,28.0
2018-05-10 09:19:00,9.0,78.98,62.0,5841.0,28.0
2018-05-10 09:20:00,9.0,78.98,62.0,5841.0,28.0
2018-05-10 09:21:00,9.0,78.98,62.0,5806.0,28.0
2018-05-10 09:22:00,9.0,78.98,62.0,5806.0,28.0
2018-05-10 09:23:00,9.0,78.98,61.0,5841.0,28.0
2018-05-10 09:24:00,9.0,78.98,61.0,5835.0,28.0
2018-05-10 09:25:00,9.0,78.98,61.0,5835.0,28.0
2018-05-10 09:26:00,9.0,78.98,61.0,5829.0,28.0
2018-05-10 09:27:00,9.0,78.98,60.0,5824.0,28.0
2018-05-10 09:28:00,9.0,78.98,60.0,5824.0,28.0
2018-05-10 09:29:00,9.0,78.98,60.0,5818.0,28.0
2018-05-10 09:30:00,9.0,78.98,60.0,5818.0,28.0
2018-05-10 09:31:00,9.0,78.98,60.0,5835.0,28.0
2018-05-10 09:32:00,9.0,78.98,60.0,5829.0,28.0
2018-05-10 09:33:00,9.0,78.98,60.0,5829.0,28.0
2018-05-10 09:34:00,9.0,79.14,60.0,5829.0,28.0
2018-05-10 09:35:00,9.0,78.98,60.0,5829.0,28.0
2018-05-10 09:36:00,9.0,78.98,60.0,5835.0,28.0
2018-05-10 09:37:00,9.0,78.98,59.0,5824.0,28.0
2018-05-10 09:38:00,9.0,78.98,59.0,5829.0,28.0
2018-05-10 09:39:00,9.0,78.98,59.0,5835.0,28.0
2018-05-10 09:40:00,9.0,78.82,59.0,5835.0,28.0
2018-05-10 09:41:00,9.0,78.98,59.0,5835.0,28.0
2018-05-10 09:42:00,9.0,78.98,59.0,5835.0,28.0
2018-05-10 09:43:00,9.0,78.82,59.0,5824.0,28.0
2018-05-10 09:44:00,9.0,78.82,59.0,5824.0,28.0
2018-05-10 09:45:00,9.0,78.82,59.0,5824.0,28.0
2018-05-10 09:46:00,9.0,78.82,59.0,5835.0,28.0
2018-05-10 09:47:00,9.0,78.82,58.0,5835.0,29.0
2018-05-10 09:48:00,9.0,78.82,58.0,5835.0,29.0
2018-05-10 09:49:00,9.0,78.82,58.0,5835.0,29.0
2018-05-10 09:50:00,9.0,78.82,58.0,5835.0,29.0
2018-05-10 09:51:00,9.0,78.82,57.0,5835.0,29.0
2018-05-10 09:52:00,9.0,78.82,57.0,5841.0,29.0
2018-05-10 09:53:00,9.0,78.82,57.0,5824.0,29.0
2018-05-10 09:54:00,9.0,78.82,57.0,5829.0,29.0
2018-05-10 09:55:00,9.0,78.82,57.0,5824.0,29.0
2018-05-10 09:56:00,9.0,78.82,56.0,5835.0,29.0
2018-05-10 09:57:00,9.0,78.82,56.0,5835.0,29.0
2018-05-10 09:58:00,9.0,79.14,56.0,5841.0,29.0
2018-05-10 09:59:00,9.0,78.82,56.0,5841.0,29.0
2018-05-10 10:00:00,10.0,78.82,56.0,5841.0,29.0
2018-05-10 10:01:00,10.0,78.82,56.0,5841.0,29.0
2018-05-10 10:02:00,10.0,78.82,56.0,5835.0,29.0
2018-05-10 10:03:00,10.0,78.82,56.0,5835.0,29.0
2018-05-10 10:04:00,10.0,78.82,55.0,5835.0,29.0
2018-05-10 10:05:00,10.0,78.82,55.0,5829.0,29.0
2018-05-10 10:06:00,10.0,78.82,55.0,5824.0,29.0
2018-05-10 10:07:00,10.0,78.82,55.0,5824.0,29.0
2018-05-10 10:08:00,10.0,78.82,55.0,5818.0,29.0
2018-05-10 10:09:00,10.0,78.82,55.0,5818.0,29.0
2018-05-10 10:10:00,10.0,78.66,55.0,5818.0,29.0
2018-05-10 10:11:00,10.0,78.66,55.0,5818.0,29.0
2018-05-10 10:12:00,10.0,78.66,55.0,5818.0,29.0
2018-05-10 10:13:00,10.0,78.66,55.0,5818.0,29.0
2018-05-10 10:14:00,10.0,78.82,55.0,5818.0,29.0
2018-05-10 10:15:00,10.0,78.66,56.0,5818.0,29.0
2018-05-10 10:16:00,10.0,78.66,56.0,5818.0,29.0
2018-05-10 10:17:00,10.0,78.66,56.0,5818.0,29.0
2018-05-10 10:18:00,10.0,78.66,56.0,5818.0,29.0
2018-05-10 10:19:00,10.0,78.66,56.0,5824.0,29.0
2018-05-10 10:20:00,10.0,78.66,56.0,5824.0,29.0
2018-05-10 10:21:00,10.0,78.66,56.0,5818.0,29.0
2018-05-10 10:22:00,10.0,78.66,56.0,5824.0,29.0
2018-05-10 10:23:00,10.0,78.66,57.0,5824.0,28.0
2018-05-10 10:24:00,10.0,78.66,57.0,5824.0,28.0
2018-05-10 10:25:00,10.0,78.5,57.0,5824.0,28.0
2018-05-10 10:26:00,10.0,78.5,57.0,5818.0,28.0
2018-05-10 10:27:00,10.0,78.5,57.0,5824.0,28.0
2018-05-10 10:28:00,10.0,78.5,57.0,5824.0,28.0
2018-05-10 10:29:00,10.0,78.5,57.0,5824.0,28.0
2018-05-10 10:30:00,10.0,78.5,57.0,5806.0,28.0
2018-05-10 10:31:00,10.0,78.5,57.0,5818.0,28.0
2018-05-10 10:32:00,10.0,78.5,57.0,5818.0,28.0
2018-05-10 10:33:00,10.0,78.5,57.0,5818.0,28.0
2018-05-10 10:34:00,10.0,78.5,57.0,5824.0,28.0
2018-05-10 10:35:00,10.0,78.5,57.0,5824.0,28.0
2018-05-10 10:36:00,10.0,78.5,57.0,5824.0,28.0
2018-05-10 10:37:00,10.0,78.5,57.0,5824.0,28.0
2018-05-10 10:38:00,10.0,78.5,57.0,5824.0,28.0
2018-05-10 10:39:00,10.0,78.5,57.0,5829.0,28.0
2018-05-10 10:40:00,10.0,78.34,57.0,5829.0,28.0
2018-05-10 10:41:00,10.0,78.34,56.0,5835.0,29.0
2018-05-10 10:42:00,10.0,78.34,56.0,5829.0,29.0
2018-05-10 10:43:00,10.0,78.34,56.0,5829.0,29.0
2018-05-10 10:44:00,10.0,78.34,56.0,5829.0,29.0
2018-05-10 10:45:00,10.0,78.34,55.0,5829.0,29.0
2018-05-10 10:46:00,10.0,78.34,55.0,5824.0,29.0
2018-05-10 10:47:00,10.0,78.34,55.0,5824.0,29.0
2018-05-10 10:48:00,10.0,78.34,55.0,5824.0,29.0
2018-05-10 10:49:00,10.0,78.34,55.0,5824.0,29.0
2018-05-10 10:50:00,10.0,78.18,55.0,5824.0,29.0
2018-05-10 10:51:00,10.0,78.18,55.0,5829.0,29.0
2018-05-10 10:52:00,10.0,78.18,55.0,5824.0,29.0
2018-05-10 10:53:00,10.0,78.18,55.0,5835.0,29.0
2018-05-10 10:54:00,10.0,78.34,55.0,5841.0,29.0
2018-05-10 10:55:00,10.0,78.5,55.0,5835.0,29.0
2018-05-10 10:56:00,10.0,78.5,55.0,5829.0,29.0
2018-05-10 10:57:00,10.0,78.34,55.0,5824.0,29.0
2018-05-10 10:58:00,10.0,78.34,55.0,5824.0,29.0
2018-05-10 10:59:00,10.0,78.34,55.0,5824.0,29.0
2018-05-10 11:00:00,11.0,78.34,55.0,5824.0,29.0
2018-05-10 11:01:00,11.0,78.34,55.0,5824.0,29.0
2018-05-10 11:02:00,11.0,78.34,55.0,5824.0,29.0
2018-05-10 11:03:00,11.0,78.34,55.0,5824.0,29.0
2018-05-10 11:04:00,11.0,78.34,55.0,5824.0,29.0
2018-05-10 11:05:00,11.0,78.34,55.0,5824.0,29.0
2018-05-10 11:06:00,11.0,78.18,55.0,5824.0,29.0
2018-05-10 11:07:00,11.0,78.34,55.0,5829.0,29.0
2018-05-10 11:08:00,11.0,78.34,55.0,5829.0,29.0
2018-05-10 11:09:00,11.0,78.34,55.0,5829.0,29.0
2018-05-10 11:10:00,11.0,78.34,55.0,5829.0,29.0
2018-05-10 11:11:00,11.0,78.34,55.0,5829.0,29.0
2018-05-10 11:12:00,11.0,78.18,55.0,5829.0,29.0
2018-05-10 11:13:00,11.0,78.18,55.0,5829.0,29.0
2018-05-10 11:14:00,11.0,78.18,55.0,5835.0,29.0
2018-05-10 11:15:00,11.0,78.18,55.0,5841.0,29.0
2018-05-10 11:16:00,11.0,78.18,55.0,5835.0,29.0
2018-05-10 11:17:00,11.0,78.18,54.0,5841.0,29.0
2018-05-10 11:18:00,11.0,78.18,55.0,5847.0,30.0
2018-05-10 11:19:00,11.0,78.18,54.0,5847.0,30.0
2018-05-10 11:20:00,11.0,78.18,54.0,5841.0,30.0
2018-05-10 11:21:00,11.0,78.18,54.0,5841.0,30.0
2018-05-10 11:22:00,11.0,78.18,54.0,5835.0,30.0
2018-05-10 11:23:00,11.0,78.18,54.0,5829.0,30.0
2018-05-10 11:24:00,11.0,78.18,54.0,5824.0,30.0
2018-05-10 11:25:00,11.0,78.18,53.0,5824.0,30.0
2018-05-10 11:26:00,11.0,78.18,53.0,5824.0,30.0
2018-05-10 11:27:00,11.0,78.18,53.0,5824.0,29.0
2018-05-10 11:28:00,11.0,78.18,53.0,5824.0,29.0
2018-05-10 11:29:00,11.0,78.18,53.0,5829.0,29.0
2018-05-10 11:30:00,11.0,78.18,53.0,5835.0,29.0
2018-05-10 11:31:00,11.0,78.18,53.0,5841.0,30.0
2018-05-10 11:32:00,11.0,78.02,54.0,5841.0,30.0
2018-05-10 11:33:00,11.0,78.02,53.0,5847.0,30.0
2018-05-10 11:34:00,11.0,78.02,53.0,5847.0,30.0
2018-05-10 11:35:00,11.0,78.02,53.0,5847.0,30.0
2018-05-10 11:36:00,11.0,78.02,52.0,5818.0,30.0
2018-05-10 11:37:00,11.0,78.02,52.0,5818.0,30.0
2018-05-10 11:38:00,11.0,78.18,52.0,5853.0,30.0
2018-05-10 11:39:00,11.0,78.02,52.0,5853.0,30.0
2018-05-10 11:40:00,11.0,78.02,51.0,5859.0,30.0
2018-05-10 11:41:00,11.0,78.02,50.0,5859.0,30.0
2018-05-10 11:42:00,11.0,78.02,49.0,5859.0,30.0
2018-05-10 11:43:00,11.0,78.02,46.0,5859.0,31.0
2018-05-10 11:44:00,11.0,78.02,46.0,5853.0,31.0
2018-05-10 11:45:00,11.0,78.02,47.0,5841.0,31.0
2018-05-10 11:46:00,11.0,78.02,47.0,5829.0,31.0
2018-05-10 11:47:00,11.0,78.02,48.0,5818.0,30.0
2018-05-10 11:48:00,11.0,78.18,47.0,5818.0,30.0
2018-05-10 11:49:00,11.0,78.18,48.0,5824.0,30.0
2018-05-10 11:50:00,11.0,78.18,48.0,5824.0,30.0
2018-05-10 11:51:00,11.0,78.18,48.0,5824.0,30.0
2018-05-10 11:52:00,11.0,78.18,48.0,5829.0,30.0
2018-05-10 11:53:00,11.0,78.18,48.0,5824.0,30.0
2018-05-10 11:54:00,11.0,78.18,48.0,5835.0,30.0
2018-05-10 11:55:00,11.0,78.18,48.0,5841.0,30.0
2018-05-10 11:56:00,11.0,78.18,48.0,5835.0,30.0
2018-05-10 11:57:00,11.0,78.18,49.0,5841.0,30.0
2018-05-10 11:58:00,11.0,78.18,49.0,5835.0,30.0
2018-05-10 11:59:00,11.0,78.18,49.0,5841.0,30.0
2018-05-10 12:00:00,12.0,78.02,49.0,5841.0,30.0
2018-05-10 12:01:00,12.0,78.02,49.0,5841.0,30.0
2018-05-10 12:02:00,12.0,78.18,48.0,5835.0,30.0
2018-05-10 12:03:00,12.0,78.02,49.0,5829.0,30.0
2018-05-10 12:04:00,12.0,78.02,49.0,5818.0,30.0
2018-05-10 12:05:00,12.0,78.02,48.0,5818.0,30.0
2018-05-10 12:06:00,12.0,78.02,48.0,5818.0,30.0
2018-05-10 12:07:00,12.0,78.02,49.0,5824.0,30.0
2018-05-10 12:08:00,12.0,78.02,49.0,5829.0,30.0
2018-05-10 12:09:00,12.0,78.02,49.0,5824.0,30.0
2018-05-10 12:10:00,12.0,78.02,50.0,5829.0,30.0
2018-05-10 12:11:00,12.0,78.18,50.0,5829.0,30.0
2018-05-10 12:12:00,12.0,78.02,49.0,5829.0,30.0
2018-05-10 12:13:00,12.0,78.02,50.0,5829.0,30.0
2018-05-10 12:14:00,12.0,78.02,50.0,5824.0,30.0
2018-05-10 12:15:00,12.0,78.02,49.0,5818.0,30.0
2018-05-10 12:16:00,12.0,78.02,51.0,5835.0,30.0
2018-05-10 12:17:00,12.0,78.02,51.0,5829.0,30.0
2018-05-10 12:18:00,12.0,78.02,51.0,5829.0,30.0
2018-05-10 12:19:00,12.0,78.02,51.0,5824.0,30.0
2018-05-10 12:20:00,12.0,77.86,51.0,5818.0,30.0
2018-05-10 12:21:00,12.0,77.86,51.0,5818.0,30.0
2018-05-10 12:22:00,12.0,78.02,51.0,5818.0,30.0
2018-05-10 12:23:00,12.0,77.86,51.0,5818.0,30.0
2018-05-10 12:24:00,12.0,77.86,50.0,5847.0,30.0
2018-05-10 12:25:00,12.0,77.86,51.0,5847.0,30.0
2018-05-10 12:26:00,12.0,77.86,51.0,5835.0,30.0
2018-05-10 12:27:00,12.0,77.86,51.0,5829.0,30.0
2018-05-10 12:28:00,12.0,77.86,51.0,5847.0,30.0
2018-05-10 12:29:00,12.0,77.86,51.0,5847.0,30.0
2018-05-10 12:30:00,12.0,77.86,51.0,5847.0,30.0
2018-05-10 12:31:00,12.0,77.86,51.0,5853.0,30.0
2018-05-10 12:32:00,12.0,77.7,51.0,5841.0,30.0
2018-05-10 12:33:00,12.0,77.7,50.0,5824.0,30.0
2018-05-10 12:34:00,12.0,77.7,50.0,5824.0,30.0
2018-05-10 12:35:00,12.0,77.7,50.0,5824.0,30.0
2018-05-10 12:36:00,12.0,77.7,50.0,5824.0,30.0
2018-05-10 12:37:00,12.0,77.7,49.0,5824.0,30.0
2018-05-10 12:38:00,12.0,77.7,51.0,5824.0,30.0
2018-05-10 12:39:00,12.0,77.54,51.0,5829.0,30.0
2018-05-10 12:40:00,12.0,77.7,51.0,5847.0,30.0
2018-05-10 12:41:00,12.0,77.54,51.0,5841.0,30.0
2018-05-10 12:42:00,12.0,77.54,51.0,5829.0,30.0
2018-05-10 12:43:00,12.0,77.54,51.0,5829.0,30.0
2018-05-10 12:44:00,12.0,77.54,51.0,5824.0,30.0
2018-05-10 12:45:00,12.0,77.7,51.0,5824.0,30.0
2018-05-10 12:46:00,12.0,77.54,51.0,5829.0,30.0
2018-05-10 12:47:00,12.0,77.54,51.0,5829.0,30.0
2018-05-10 12:48:00,12.0,77.54,51.0,5835.0,30.0
2018-05-10 12:49:00,12.0,77.54,51.0,5835.0,30.0
2018-05-10 12:50:00,12.0,77.54,51.0,5841.0,30.0
2018-05-10 12:51:00,12.0,77.54,51.0,5841.0,30.0
2018-05-10 12:52:00,12.0,77.38,51.0,5841.0,30.0
2018-05-10 12:53:00,12.0,77.38,51.0,5841.0,30.0
2018-05-10 12:54:00,12.0,77.38,50.0,5847.0,30.0
2018-05-10 12:55:00,12.0,77.38,49.0,5835.0,30.0
2018-05-10 12:56:00,12.0,77.38,48.0,5829.0,30.0
2018-05-10 12:57:00,12.0,77.38,49.0,5829.0,30.0
2018-05-10 12:58:00,12.0,77.38,50.0,5829.0,30.0
2018-05-10 12:59:00,12.0,77.38,50.0,5829.0,30.0
2018-05-10 13:00:00,13.0,77.38,49.0,5829.0,30.0
2018-05-10 13:01:00,13.0,77.38,47.0,5829.0,30.0
2018-05-10 13:02:00,13.0,77.38,48.0,5824.0,30.0
2018-05-10 13:03:00,13.0,77.38,49.0,5824.0,30.0
2018-05-10 13:04:00,13.0,77.38,49.0,5824.0,30.0
2018-05-10 13:05:00,13.0,77.38,48.0,5818.0,30.0
2018-05-10 13:06:00,13.0,77.38,48.0,5818.0,30.0
2018-05-10 13:07:00,13.0,77.38,48.0,5829.0,30.0
2018-05-10 13:08:00,13.0,77.38,49.0,5859.0,30.0
2018-05-10 13:09:00,13.0,77.38,49.0,5859.0,30.0
2018-05-10 13:10:00,13.0,77.38,48.0,5859.0,31.0
2018-05-10 13:11:00,13.0,77.38,47.0,5853.0,31.0
2018-05-10 13:12:00,13.0,77.38,46.0,5853.0,31.0
2018-05-10 13:13:00,13.0,77.38,46.0,5853.0,31.0
2018-05-10 13:14:00,13.0,77.38,46.0,5853.0,31.0
2018-05-10 13:15:00,13.0,77.38,46.0,5853.0,31.0
2018-05-10 13:16:00,13.0,77.38,46.0,5853.0,32.0
2018-05-10 13:17:00,13.0,77.38,45.0,5853.0,31.0
2018-05-10 13:18:00,13.0,77.38,45.0,5853.0,31.0
2018-05-10 13:19:00,13.0,77.38,45.0,5853.0,32.0
2018-05-10 13:20:00,13.0,77.38,46.0,5853.0,32.0
2018-05-10 13:21:00,13.0,77.38,46.0,5853.0,31.0
2018-05-10 13:22:00,13.0,77.38,46.0,5829.0,32.0
2018-05-10 13:23:00,13.0,77.38,45.0,5824.0,31.0
2018-05-10 13:24:00,13.0,77.38,45.0,5824.0,31.0
2018-05-10 13:25:00,13.0,77.38,45.0,5824.0,31.0
2018-05-10 13:26:00,13.0,77.21,45.0,5853.0,31.0
2018-05-10 13:27:00,13.0,77.21,46.0,5853.0,31.0
2018-05-10 13:28:00,13.0,77.21,45.0,5853.0,31.0
2018-05-10 13:29:00,13.0,77.21,45.0,5847.0,31.0
2018-05-10 13:30:00,13.0,77.21,45.0,5847.0,31.0
2018-05-10 13:31:00,13.0,77.21,45.0,5847.0,31.0
2018-05-10 13:32:00,13.0,77.21,45.0,5847.0,31.0
2018-05-10 13:33:00,13.0,77.21,45.0,5853.0,31.0
2018-05-10 13:34:00,13.0,77.21,45.0,5853.0,31.0
2018-05-10 13:35:00,13.0,77.05,44.0,5847.0,31.0
2018-05-10 13:36:00,13.0,77.05,45.0,5806.0,31.0
2018-05-10 13:37:00,13.0,77.21,45.0,5806.0,31.0
2018-05-10 13:38:00,13.0,77.21,45.0,5812.0,31.0
2018-05-10 13:39:00,13.0,77.21,45.0,5829.0,31.0
2018-05-10 13:40:00,13.0,77.05,46.0,5829.0,31.0
2018-05-10 13:41:00,13.0,77.21,46.0,5841.0,31.0
2018-05-10 13:42:00,13.0,77.05,46.0,5841.0,31.0
2018-05-10 13:43:00,13.0,77.05,46.0,5841.0,31.0
2018-05-10 13:44:00,13.0,77.05,45.0,5847.0,31.0
2018-05-10 13:45:00,13.0,77.05,45.0,5847.0,31.0
2018-05-10 13:46:00,13.0,77.05,45.0,5841.0,31.0
2018-05-10 13:47:00,13.0,77.05,45.0,5835.0,31.0
2018-05-10 13:48:00,13.0,77.05,45.0,5847.0,31.0
2018-05-10 13:49:00,13.0,77.05,44.0,5847.0,31.0
2018-05-10 13:50:00,13.0,77.05,44.0,5835.0,31.0
2018-05-10 13:51:00,13.0,76.89,44.0,5829.0,31.0
2018-05-10 13:52:00,13.0,76.89,44.0,5847.0,31.0
2018-05-10 13:53:00,13.0,76.89,45.0,5847.0,31.0
2018-05-10 13:54:00,13.0,76.89,45.0,5853.0,31.0
2018-05-10 13:55:00,13.0,76.89,44.0,5853.0,32.0
2018-05-10 13:56:00,13.0,76.89,44.0,5824.0,32.0
2018-05-10 13:57:00,13.0,76.89,44.0,5829.0,32.0
2018-05-10 13:58:00,13.0,76.89,44.0,5835.0,31.0
2018-05-10 13:59:00,13.0,76.73,44.0,5835.0,31.0
2018-05-10 14:00:00,14.0,76.73,44.0,5853.0,32.0
2018-05-10 14:01:00,14.0,76.73,44.0,5824.0,32.0
2018-05-10 14:02:00,14.0,76.73,44.0,5818.0,32.0
2018-05-10 14:03:00,14.0,76.73,44.0,5812.0,31.0
2018-05-10 14:04:00,14.0,76.73,44.0,5812.0,31.0
2018-05-10 14:05:00,14.0,76.73,44.0,5806.0,31.0
2018-05-10 14:06:00,14.0,76.73,44.0,5806.0,31.0
2018-05-10 14:07:00,14.0,76.73,45.0,5806.0,30.0
2018-05-10 14:08:00,14.0,76.73,45.0,5806.0,30.0
2018-05-10 14:09:00,14.0,76.73,45.0,5806.0,30.0
2018-05-10 14:10:00,14.0,76.73,46.0,5812.0,30.0
2018-05-10 14:11:00,14.0,76.57,46.0,5818.0,30.0
2018-05-10 14:12:00,14.0,76.57,46.0,5812.0,30.0
2018-05-10 14:13:00,14.0,76.57,46.0,5812.0,30.0
2018-05-10 14:14:00,14.0,76.57,46.0,5853.0,30.0
2018-05-10 14:15:00,14.0,76.57,45.0,5818.0,31.0
2018-05-10 14:16:00,14.0,76.41,45.0,5812.0,31.0
2018-05-10 14:17:00,14.0,76.41,45.0,5800.0,31.0
2018-05-10 14:18:00,14.0,76.41,46.0,5800.0,30.0
2018-05-10 14:19:00,14.0,76.41,46.0,5794.0,30.0
2018-05-10 14:20:00,14.0,76.41,47.0,5794.0,30.0
2018-05-10 14:21:00,14.0,76.41,48.0,5794.0,30.0
2018-05-10 14:22:00,14.0,76.25,48.0,5794.0,30.0
2018-05-10 14:23:00,14.0,76.25,48.0,5800.0,30.0
2018-05-10 14:24:00,14.0,76.25,48.0,5800.0,29.0
2018-05-10 14:25:00,14.0,76.25,49.0,5800.0,29.0
2018-05-10 14:26:00,14.0,76.25,49.0,5800.0,29.0
2018-05-10 14:27:00,14.0,76.25,50.0,5800.0,29.0
2018-05-10 14:28:00,14.0,76.09,50.0,5800.0,29.0
2018-05-10 14:29:00,14.0,76.09,51.0,5806.0,29.0
2018-05-10 14:30:00,14.0,76.25,51.0,5806.0,29.0
2018-05-10 14:31:00,14.0,76.09,51.0,5806.0,29.0
2018-05-10 14:32:00,14.0,76.09,51.0,5812.0,29.0
2018-05-10 14:33:00,14.0,76.09,51.0,5812.0,29.0
2018-05-10 14:34:00,14.0,76.09,50.0,5818.0,30.0
2018-05-10 14:35:00,14.0,76.09,50.0,5812.0,30.0
2018-05-10 14:36:00,14.0,76.09,51.0,5806.0,30.0
